[2026-02-06 13:23:18] ERROR: App\Models\Lesson::getNextLesson(): Argument #2 ($currentOrder) must be of type int, null given, called in /var/www/html/sci-bono-aifluency/api/controllers/LessonController.php on line 125 in /var/www/html/sci-bono-aifluency/api/models/Lesson.php:84
Trace: #0 /var/www/html/sci-bono-aifluency/api/controllers/LessonController.php(125): App\Models\Lesson->getNextLesson()
#1 /var/www/html/sci-bono-aifluency/api/routes/api.php(1014): App\Controllers\LessonController->show()
#2 /var/www/html/sci-bono-aifluency/api/index.php(146): require_once('...')
#3 {main}
[2026-02-06 14:00:32] ERROR: SQLSTATE[42S22]: Column not found: 1054 Unknown column 'q.lesson_id' in 'on clause' in /var/www/html/sci-bono-aifluency/api/controllers/QuizController.php:589
Trace: #0 /var/www/html/sci-bono-aifluency/api/controllers/QuizController.php(589): PDO->prepare()
#1 /var/www/html/sci-bono-aifluency/api/routes/api.php(1014): App\Controllers\QuizController->getRecentAttempts()
#2 /var/www/html/sci-bono-aifluency/api/index.php(146): require_once('...')
#3 {main}
[2026-02-06 14:00:32] ERROR: SQLSTATE[42S02]: Base table or view not found: 1146 Table 'ai_fluency_lms.lesson_completions' doesn't exist in /var/www/html/sci-bono-aifluency/api/controllers/UserController.php:695
Trace: #0 /var/www/html/sci-bono-aifluency/api/controllers/UserController.php(695): PDO->prepare()
#1 /var/www/html/sci-bono-aifluency/api/routes/api.php(1014): App\Controllers\UserController->getMyStats()
#2 /var/www/html/sci-bono-aifluency/api/index.php(146): require_once('...')
#3 {main}
[2026-02-06 14:00:46] ERROR: SQLSTATE[42S02]: Base table or view not found: 1146 Table 'ai_fluency_lms.lesson_completions' doesn't exist in /var/www/html/sci-bono-aifluency/api/controllers/UserController.php:695
Trace: #0 /var/www/html/sci-bono-aifluency/api/controllers/UserController.php(695): PDO->prepare()
#1 /var/www/html/sci-bono-aifluency/api/routes/api.php(1014): App\Controllers\UserController->getMyStats()
#2 /var/www/html/sci-bono-aifluency/api/index.php(146): require_once('...')
#3 {main}
[2026-02-06 14:00:46] ERROR: SQLSTATE[42S22]: Column not found: 1054 Unknown column 'q.lesson_id' in 'on clause' in /var/www/html/sci-bono-aifluency/api/controllers/QuizController.php:589
Trace: #0 /var/www/html/sci-bono-aifluency/api/controllers/QuizController.php(589): PDO->prepare()
#1 /var/www/html/sci-bono-aifluency/api/routes/api.php(1014): App\Controllers\QuizController->getRecentAttempts()
#2 /var/www/html/sci-bono-aifluency/api/index.php(146): require_once('...')
#3 {main}
[2026-02-06 14:01:25] ERROR: SQLSTATE[42S22]: Column not found: 1054 Unknown column 'q.lesson_id' in 'on clause' in /var/www/html/sci-bono-aifluency/api/controllers/QuizController.php:589
Trace: #0 /var/www/html/sci-bono-aifluency/api/controllers/QuizController.php(589): PDO->prepare()
#1 /var/www/html/sci-bono-aifluency/api/routes/api.php(1014): App\Controllers\QuizController->getRecentAttempts()
#2 /var/www/html/sci-bono-aifluency/api/index.php(146): require_once('...')
#3 {main}
[2026-02-06 14:01:25] ERROR: SQLSTATE[42S02]: Base table or view not found: 1146 Table 'ai_fluency_lms.lesson_completions' doesn't exist in /var/www/html/sci-bono-aifluency/api/controllers/UserController.php:695
Trace: #0 /var/www/html/sci-bono-aifluency/api/controllers/UserController.php(695): PDO->prepare()
#1 /var/www/html/sci-bono-aifluency/api/routes/api.php(1014): App\Controllers\UserController->getMyStats()
#2 /var/www/html/sci-bono-aifluency/api/index.php(146): require_once('...')
#3 {main}
[2026-02-06 14:01:35] ERROR: SQLSTATE[42S22]: Column not found: 1054 Unknown column 'q.lesson_id' in 'on clause' in /var/www/html/sci-bono-aifluency/api/controllers/QuizController.php:589
Trace: #0 /var/www/html/sci-bono-aifluency/api/controllers/QuizController.php(589): PDO->prepare()
#1 /var/www/html/sci-bono-aifluency/api/routes/api.php(1014): App\Controllers\QuizController->getRecentAttempts()
#2 /var/www/html/sci-bono-aifluency/api/index.php(146): require_once('...')
#3 {main}
[2026-02-06 14:01:35] ERROR: SQLSTATE[42S02]: Base table or view not found: 1146 Table 'ai_fluency_lms.lesson_completions' doesn't exist in /var/www/html/sci-bono-aifluency/api/controllers/UserController.php:695
Trace: #0 /var/www/html/sci-bono-aifluency/api/controllers/UserController.php(695): PDO->prepare()
#1 /var/www/html/sci-bono-aifluency/api/routes/api.php(1014): App\Controllers\UserController->getMyStats()
#2 /var/www/html/sci-bono-aifluency/api/index.php(146): require_once('...')
#3 {main}
[2026-02-06 14:03:36] ERROR: SQLSTATE[42S22]: Column not found: 1054 Unknown column 'q.lesson_id' in 'on clause' in /var/www/html/sci-bono-aifluency/api/controllers/QuizController.php:589
Trace: #0 /var/www/html/sci-bono-aifluency/api/controllers/QuizController.php(589): PDO->prepare()
#1 /var/www/html/sci-bono-aifluency/api/routes/api.php(1014): App\Controllers\QuizController->getRecentAttempts()
#2 /var/www/html/sci-bono-aifluency/api/index.php(146): require_once('...')
#3 {main}
[2026-02-06 14:03:36] ERROR: SQLSTATE[42S02]: Base table or view not found: 1146 Table 'ai_fluency_lms.lesson_completions' doesn't exist in /var/www/html/sci-bono-aifluency/api/controllers/UserController.php:695
Trace: #0 /var/www/html/sci-bono-aifluency/api/controllers/UserController.php(695): PDO->prepare()
#1 /var/www/html/sci-bono-aifluency/api/routes/api.php(1014): App\Controllers\UserController->getMyStats()
#2 /var/www/html/sci-bono-aifluency/api/index.php(146): require_once('...')
#3 {main}
[2026-02-08 10:43:24] ERROR: App\Models\Lesson::getNextLesson(): Argument #2 ($currentOrder) must be of type int, null given, called in /var/www/html/sci-bono-aifluency/api/controllers/LessonController.php on line 125 in /var/www/html/sci-bono-aifluency/api/models/Lesson.php:84
Trace: #0 /var/www/html/sci-bono-aifluency/api/controllers/LessonController.php(125): App\Models\Lesson->getNextLesson()
#1 /var/www/html/sci-bono-aifluency/api/routes/api.php(1014): App\Controllers\LessonController->show()
#2 /var/www/html/sci-bono-aifluency/api/index.php(146): require_once('...')
#3 {main}
[2026-02-08 10:46:07] ERROR: App\Models\Lesson::getNextLesson(): Argument #2 ($currentOrder) must be of type int, null given, called in /var/www/html/sci-bono-aifluency/api/controllers/LessonController.php on line 125 in /var/www/html/sci-bono-aifluency/api/models/Lesson.php:84
Trace: #0 /var/www/html/sci-bono-aifluency/api/controllers/LessonController.php(125): App\Models\Lesson->getNextLesson()
#1 /var/www/html/sci-bono-aifluency/api/routes/api.php(1014): App\Controllers\LessonController->show()
#2 /var/www/html/sci-bono-aifluency/api/index.php(146): require_once('...')
#3 {main}
[2026-02-08 16:00:59] ERROR: SQLSTATE[42S22]: Column not found: 1054 Unknown column 'qa.completed_at' in 'order clause' in /var/www/html/sci-bono-aifluency/api/controllers/QuizController.php:595
Trace: #0 /var/www/html/sci-bono-aifluency/api/controllers/QuizController.php(595): PDO->prepare()
#1 /var/www/html/sci-bono-aifluency/api/routes/api.php(1014): App\Controllers\QuizController->getRecentAttempts()
#2 /var/www/html/sci-bono-aifluency/api/index.php(146): require_once('...')
#3 {main}
[2026-02-08 16:00:59] ERROR: SQLSTATE[42S02]: Base table or view not found: 1146 Table 'ai_fluency_lms.lesson_completions' doesn't exist in /var/www/html/sci-bono-aifluency/api/controllers/UserController.php:695
Trace: #0 /var/www/html/sci-bono-aifluency/api/controllers/UserController.php(695): PDO->prepare()
#1 /var/www/html/sci-bono-aifluency/api/routes/api.php(1014): App\Controllers\UserController->getMyStats()
#2 /var/www/html/sci-bono-aifluency/api/index.php(146): require_once('...')
#3 {main}
[2026-02-08 16:01:17] ERROR: SQLSTATE[42S22]: Column not found: 1054 Unknown column 'qa.completed_at' in 'order clause' in /var/www/html/sci-bono-aifluency/api/controllers/QuizController.php:595
Trace: #0 /var/www/html/sci-bono-aifluency/api/controllers/QuizController.php(595): PDO->prepare()
#1 /var/www/html/sci-bono-aifluency/api/routes/api.php(1014): App\Controllers\QuizController->getRecentAttempts()
#2 /var/www/html/sci-bono-aifluency/api/index.php(146): require_once('...')
#3 {main}
[2026-02-08 16:01:17] ERROR: SQLSTATE[42S02]: Base table or view not found: 1146 Table 'ai_fluency_lms.lesson_completions' doesn't exist in /var/www/html/sci-bono-aifluency/api/controllers/UserController.php:695
Trace: #0 /var/www/html/sci-bono-aifluency/api/controllers/UserController.php(695): PDO->prepare()
#1 /var/www/html/sci-bono-aifluency/api/routes/api.php(1014): App\Controllers\UserController->getMyStats()
#2 /var/www/html/sci-bono-aifluency/api/index.php(146): require_once('...')
#3 {main}
[2026-02-08 16:19:48] ERROR: SQLSTATE[42S22]: Column not found: 1054 Unknown column 'qa.completed_at' in 'order clause' in /var/www/html/sci-bono-aifluency/api/controllers/QuizController.php:595
Trace: #0 /var/www/html/sci-bono-aifluency/api/controllers/QuizController.php(595): PDO->prepare()
#1 /var/www/html/sci-bono-aifluency/api/routes/api.php(1014): App\Controllers\QuizController->getRecentAttempts()
#2 /var/www/html/sci-bono-aifluency/api/index.php(146): require_once('...')
#3 {main}
[2026-02-08 16:19:48] ERROR: SQLSTATE[42S02]: Base table or view not found: 1146 Table 'ai_fluency_lms.lesson_completions' doesn't exist in /var/www/html/sci-bono-aifluency/api/controllers/UserController.php:695
Trace: #0 /var/www/html/sci-bono-aifluency/api/controllers/UserController.php(695): PDO->prepare()
#1 /var/www/html/sci-bono-aifluency/api/routes/api.php(1014): App\Controllers\UserController->getMyStats()
#2 /var/www/html/sci-bono-aifluency/api/index.php(146): require_once('...')
#3 {main}
[2026-02-08 16:27:22] ERROR: SQLSTATE[42S22]: Column not found: 1054 Unknown column 'qa.completed_at' in 'order clause' in /var/www/html/sci-bono-aifluency/api/controllers/QuizController.php:595
Trace: #0 /var/www/html/sci-bono-aifluency/api/controllers/QuizController.php(595): PDO->prepare()
#1 /var/www/html/sci-bono-aifluency/api/routes/api.php(1014): App\Controllers\QuizController->getRecentAttempts()
#2 /var/www/html/sci-bono-aifluency/api/index.php(146): require_once('...')
#3 {main}
[2026-02-08 16:27:22] ERROR: SQLSTATE[42S02]: Base table or view not found: 1146 Table 'ai_fluency_lms.lesson_completions' doesn't exist in /var/www/html/sci-bono-aifluency/api/controllers/UserController.php:695
Trace: #0 /var/www/html/sci-bono-aifluency/api/controllers/UserController.php(695): PDO->prepare()
#1 /var/www/html/sci-bono-aifluency/api/routes/api.php(1014): App\Controllers\UserController->getMyStats()
#2 /var/www/html/sci-bono-aifluency/api/index.php(146): require_once('...')
#3 {main}
[2026-02-08 16:39:39] ERROR: SQLSTATE[42S22]: Column not found: 1054 Unknown column 'qa.completed_at' in 'order clause' in /var/www/html/sci-bono-aifluency/api/controllers/QuizController.php:595
Trace: #0 /var/www/html/sci-bono-aifluency/api/controllers/QuizController.php(595): PDO->prepare()
#1 /var/www/html/sci-bono-aifluency/api/routes/api.php(1014): App\Controllers\QuizController->getRecentAttempts()
#2 /var/www/html/sci-bono-aifluency/api/index.php(146): require_once('...')
#3 {main}
[2026-02-08 16:39:39] ERROR: SQLSTATE[42S02]: Base table or view not found: 1146 Table 'ai_fluency_lms.lesson_completions' doesn't exist in /var/www/html/sci-bono-aifluency/api/controllers/UserController.php:695
Trace: #0 /var/www/html/sci-bono-aifluency/api/controllers/UserController.php(695): PDO->prepare()
#1 /var/www/html/sci-bono-aifluency/api/routes/api.php(1014): App\Controllers\UserController->getMyStats()
#2 /var/www/html/sci-bono-aifluency/api/index.php(146): require_once('...')
#3 {main}
[2026-02-08 16:41:16] ERROR: SQLSTATE[42S22]: Column not found: 1054 Unknown column 'qa.completed_at' in 'order clause' in /var/www/html/sci-bono-aifluency/api/controllers/QuizController.php:595
Trace: #0 /var/www/html/sci-bono-aifluency/api/controllers/QuizController.php(595): PDO->prepare()
#1 /var/www/html/sci-bono-aifluency/api/routes/api.php(1014): App\Controllers\QuizController->getRecentAttempts()
#2 /var/www/html/sci-bono-aifluency/api/index.php(146): require_once('...')
#3 {main}
[2026-02-08 16:41:16] ERROR: SQLSTATE[42S02]: Base table or view not found: 1146 Table 'ai_fluency_lms.lesson_completions' doesn't exist in /var/www/html/sci-bono-aifluency/api/controllers/UserController.php:695
Trace: #0 /var/www/html/sci-bono-aifluency/api/controllers/UserController.php(695): PDO->prepare()
#1 /var/www/html/sci-bono-aifluency/api/routes/api.php(1014): App\Controllers\UserController->getMyStats()
#2 /var/www/html/sci-bono-aifluency/api/index.php(146): require_once('...')
#3 {main}
[2026-02-08 16:50:03] ERROR: SQLSTATE[42S22]: Column not found: 1054 Unknown column 'qa.completed_at' in 'order clause' in /var/www/html/sci-bono-aifluency/api/controllers/QuizController.php:595
Trace: #0 /var/www/html/sci-bono-aifluency/api/controllers/QuizController.php(595): PDO->prepare()
#1 /var/www/html/sci-bono-aifluency/api/routes/api.php(1014): App\Controllers\QuizController->getRecentAttempts()
#2 /var/www/html/sci-bono-aifluency/api/index.php(146): require_once('...')
#3 {main}
[2026-02-08 16:50:03] ERROR: SQLSTATE[42S02]: Base table or view not found: 1146 Table 'ai_fluency_lms.lesson_completions' doesn't exist in /var/www/html/sci-bono-aifluency/api/controllers/UserController.php:695
Trace: #0 /var/www/html/sci-bono-aifluency/api/controllers/UserController.php(695): PDO->prepare()
#1 /var/www/html/sci-bono-aifluency/api/routes/api.php(1014): App\Controllers\UserController->getMyStats()
#2 /var/www/html/sci-bono-aifluency/api/index.php(146): require_once('...')
#3 {main}
[2026-02-08 20:07:04] ERROR: SQLSTATE[42S22]: Column not found: 1054 Unknown column 'qa.completed_at' in 'order clause' in /var/www/html/sci-bono-aifluency/api/controllers/QuizController.php:595
Trace: #0 /var/www/html/sci-bono-aifluency/api/controllers/QuizController.php(595): PDO->prepare()
#1 /var/www/html/sci-bono-aifluency/api/routes/api.php(1014): App\Controllers\QuizController->getRecentAttempts()
#2 /var/www/html/sci-bono-aifluency/api/index.php(146): require_once('...')
#3 {main}
[2026-02-08 20:07:04] ERROR: SQLSTATE[42S02]: Base table or view not found: 1146 Table 'ai_fluency_lms.lesson_completions' doesn't exist in /var/www/html/sci-bono-aifluency/api/controllers/UserController.php:695
Trace: #0 /var/www/html/sci-bono-aifluency/api/controllers/UserController.php(695): PDO->prepare()
#1 /var/www/html/sci-bono-aifluency/api/routes/api.php(1014): App\Controllers\UserController->getMyStats()
#2 /var/www/html/sci-bono-aifluency/api/index.php(146): require_once('...')
#3 {main}
[2026-02-08 20:23:39] ERROR: SQLSTATE[42S22]: Column not found: 1054 Unknown column 'qa.completed_at' in 'order clause' in /var/www/html/sci-bono-aifluency/api/controllers/QuizController.php:595
Trace: #0 /var/www/html/sci-bono-aifluency/api/controllers/QuizController.php(595): PDO->prepare()
#1 /var/www/html/sci-bono-aifluency/api/routes/api.php(1014): App\Controllers\QuizController->getRecentAttempts()
#2 /var/www/html/sci-bono-aifluency/api/index.php(146): require_once('...')
#3 {main}
[2026-02-08 20:23:39] ERROR: SQLSTATE[42S02]: Base table or view not found: 1146 Table 'ai_fluency_lms.lesson_completions' doesn't exist in /var/www/html/sci-bono-aifluency/api/controllers/UserController.php:695
Trace: #0 /var/www/html/sci-bono-aifluency/api/controllers/UserController.php(695): PDO->prepare()
#1 /var/www/html/sci-bono-aifluency/api/routes/api.php(1014): App\Controllers\UserController->getMyStats()
#2 /var/www/html/sci-bono-aifluency/api/index.php(146): require_once('...')
#3 {main}
[2026-02-08 20:33:05] ERROR: SQLSTATE[42S22]: Column not found: 1054 Unknown column 'qa.completed_at' in 'order clause' in /var/www/html/sci-bono-aifluency/api/controllers/QuizController.php:595
Trace: #0 /var/www/html/sci-bono-aifluency/api/controllers/QuizController.php(595): PDO->prepare()
#1 /var/www/html/sci-bono-aifluency/api/routes/api.php(1014): App\Controllers\QuizController->getRecentAttempts()
#2 /var/www/html/sci-bono-aifluency/api/index.php(146): require_once('...')
#3 {main}
[2026-02-08 20:33:05] ERROR: SQLSTATE[42S02]: Base table or view not found: 1146 Table 'ai_fluency_lms.lesson_completions' doesn't exist in /var/www/html/sci-bono-aifluency/api/controllers/UserController.php:695
Trace: #0 /var/www/html/sci-bono-aifluency/api/controllers/UserController.php(695): PDO->prepare()
#1 /var/www/html/sci-bono-aifluency/api/routes/api.php(1014): App\Controllers\UserController->getMyStats()
#2 /var/www/html/sci-bono-aifluency/api/index.php(146): require_once('...')
#3 {main}
[2026-02-08 21:15:11] ERROR: SQLSTATE[42S22]: Column not found: 1054 Unknown column 'qa.completed_at' in 'order clause' in /var/www/html/sci-bono-aifluency/api/controllers/QuizController.php:595
Trace: #0 /var/www/html/sci-bono-aifluency/api/controllers/QuizController.php(595): PDO->prepare()
#1 /var/www/html/sci-bono-aifluency/api/routes/api.php(1014): App\Controllers\QuizController->getRecentAttempts()
#2 /var/www/html/sci-bono-aifluency/api/index.php(146): require_once('...')
#3 {main}
[2026-02-08 21:15:11] ERROR: SQLSTATE[42S02]: Base table or view not found: 1146 Table 'ai_fluency_lms.lesson_completions' doesn't exist in /var/www/html/sci-bono-aifluency/api/controllers/UserController.php:695
Trace: #0 /var/www/html/sci-bono-aifluency/api/controllers/UserController.php(695): PDO->prepare()
#1 /var/www/html/sci-bono-aifluency/api/routes/api.php(1014): App\Controllers\UserController->getMyStats()
#2 /var/www/html/sci-bono-aifluency/api/index.php(146): require_once('...')
#3 {main}
[2026-02-08 21:25:20] ERROR: SQLSTATE[42S22]: Column not found: 1054 Unknown column 'qa.completed_at' in 'order clause' in /var/www/html/sci-bono-aifluency/api/controllers/QuizController.php:595
Trace: #0 /var/www/html/sci-bono-aifluency/api/controllers/QuizController.php(595): PDO->prepare()
#1 /var/www/html/sci-bono-aifluency/api/routes/api.php(1014): App\Controllers\QuizController->getRecentAttempts()
#2 /var/www/html/sci-bono-aifluency/api/index.php(146): require_once('...')
#3 {main}
[2026-02-08 21:25:20] ERROR: SQLSTATE[42S02]: Base table or view not found: 1146 Table 'ai_fluency_lms.lesson_completions' doesn't exist in /var/www/html/sci-bono-aifluency/api/controllers/UserController.php:695
Trace: #0 /var/www/html/sci-bono-aifluency/api/controllers/UserController.php(695): PDO->prepare()
#1 /var/www/html/sci-bono-aifluency/api/routes/api.php(1014): App\Controllers\UserController->getMyStats()
#2 /var/www/html/sci-bono-aifluency/api/index.php(146): require_once('...')
#3 {main}
[2026-02-08 21:25:52] ERROR: SQLSTATE[42S22]: Column not found: 1054 Unknown column 'qa.completed_at' in 'order clause' in /var/www/html/sci-bono-aifluency/api/controllers/QuizController.php:595
Trace: #0 /var/www/html/sci-bono-aifluency/api/controllers/QuizController.php(595): PDO->prepare()
#1 /var/www/html/sci-bono-aifluency/api/routes/api.php(1014): App\Controllers\QuizController->getRecentAttempts()
#2 /var/www/html/sci-bono-aifluency/api/index.php(146): require_once('...')
#3 {main}
[2026-02-08 21:25:52] ERROR: SQLSTATE[42S02]: Base table or view not found: 1146 Table 'ai_fluency_lms.lesson_completions' doesn't exist in /var/www/html/sci-bono-aifluency/api/controllers/UserController.php:695
Trace: #0 /var/www/html/sci-bono-aifluency/api/controllers/UserController.php(695): PDO->prepare()
#1 /var/www/html/sci-bono-aifluency/api/routes/api.php(1014): App\Controllers\UserController->getMyStats()
#2 /var/www/html/sci-bono-aifluency/api/index.php(146): require_once('...')
#3 {main}
[2026-02-08 21:26:29] ERROR: SQLSTATE[42S22]: Column not found: 1054 Unknown column 'qa.completed_at' in 'order clause' in /var/www/html/sci-bono-aifluency/api/controllers/QuizController.php:595
Trace: #0 /var/www/html/sci-bono-aifluency/api/controllers/QuizController.php(595): PDO->prepare()
#1 /var/www/html/sci-bono-aifluency/api/routes/api.php(1014): App\Controllers\QuizController->getRecentAttempts()
#2 /var/www/html/sci-bono-aifluency/api/index.php(146): require_once('...')
#3 {main}
[2026-02-08 21:26:29] ERROR: SQLSTATE[42S02]: Base table or view not found: 1146 Table 'ai_fluency_lms.lesson_completions' doesn't exist in /var/www/html/sci-bono-aifluency/api/controllers/UserController.php:695
Trace: #0 /var/www/html/sci-bono-aifluency/api/controllers/UserController.php(695): PDO->prepare()
#1 /var/www/html/sci-bono-aifluency/api/routes/api.php(1014): App\Controllers\UserController->getMyStats()
#2 /var/www/html/sci-bono-aifluency/api/index.php(146): require_once('...')
#3 {main}
[2026-02-08 21:27:19] ERROR: SQLSTATE[42S22]: Column not found: 1054 Unknown column 'qa.completed_at' in 'order clause' in /var/www/html/sci-bono-aifluency/api/controllers/QuizController.php:595
Trace: #0 /var/www/html/sci-bono-aifluency/api/controllers/QuizController.php(595): PDO->prepare()
#1 /var/www/html/sci-bono-aifluency/api/routes/api.php(1014): App\Controllers\QuizController->getRecentAttempts()
#2 /var/www/html/sci-bono-aifluency/api/index.php(146): require_once('...')
#3 {main}
[2026-02-08 21:27:19] ERROR: SQLSTATE[42S02]: Base table or view not found: 1146 Table 'ai_fluency_lms.lesson_completions' doesn't exist in /var/www/html/sci-bono-aifluency/api/controllers/UserController.php:695
Trace: #0 /var/www/html/sci-bono-aifluency/api/controllers/UserController.php(695): PDO->prepare()
#1 /var/www/html/sci-bono-aifluency/api/routes/api.php(1014): App\Controllers\UserController->getMyStats()
#2 /var/www/html/sci-bono-aifluency/api/index.php(146): require_once('...')
#3 {main}
[2026-02-08 21:27:20] ERROR: SQLSTATE[42S22]: Column not found: 1054 Unknown column 'qa.completed_at' in 'order clause' in /var/www/html/sci-bono-aifluency/api/controllers/QuizController.php:595
Trace: #0 /var/www/html/sci-bono-aifluency/api/controllers/QuizController.php(595): PDO->prepare()
#1 /var/www/html/sci-bono-aifluency/api/routes/api.php(1014): App\Controllers\QuizController->getRecentAttempts()
#2 /var/www/html/sci-bono-aifluency/api/index.php(146): require_once('...')
#3 {main}
[2026-02-08 21:27:20] ERROR: SQLSTATE[42S02]: Base table or view not found: 1146 Table 'ai_fluency_lms.lesson_completions' doesn't exist in /var/www/html/sci-bono-aifluency/api/controllers/UserController.php:695
Trace: #0 /var/www/html/sci-bono-aifluency/api/controllers/UserController.php(695): PDO->prepare()
#1 /var/www/html/sci-bono-aifluency/api/routes/api.php(1014): App\Controllers\UserController->getMyStats()
#2 /var/www/html/sci-bono-aifluency/api/index.php(146): require_once('...')
#3 {main}
[2026-02-09 04:48:51] ERROR: SQLSTATE[42S22]: Column not found: 1054 Unknown column 'qa.completed_at' in 'order clause' in /var/www/html/sci-bono-aifluency/api/controllers/QuizController.php:595
Trace: #0 /var/www/html/sci-bono-aifluency/api/controllers/QuizController.php(595): PDO->prepare()
#1 /var/www/html/sci-bono-aifluency/api/routes/api.php(1014): App\Controllers\QuizController->getRecentAttempts()
#2 /var/www/html/sci-bono-aifluency/api/index.php(146): require_once('...')
#3 {main}
[2026-02-09 04:48:51] ERROR: SQLSTATE[42S02]: Base table or view not found: 1146 Table 'ai_fluency_lms.lesson_completions' doesn't exist in /var/www/html/sci-bono-aifluency/api/controllers/UserController.php:695
Trace: #0 /var/www/html/sci-bono-aifluency/api/controllers/UserController.php(695): PDO->prepare()
#1 /var/www/html/sci-bono-aifluency/api/routes/api.php(1014): App\Controllers\UserController->getMyStats()
#2 /var/www/html/sci-bono-aifluency/api/index.php(146): require_once('...')
#3 {main}
[2026-02-09 04:51:06] ERROR: SQLSTATE[42S22]: Column not found: 1054 Unknown column 'qa.completed_at' in 'order clause' in /var/www/html/sci-bono-aifluency/api/controllers/QuizController.php:595
Trace: #0 /var/www/html/sci-bono-aifluency/api/controllers/QuizController.php(595): PDO->prepare()
#1 /var/www/html/sci-bono-aifluency/api/routes/api.php(1014): App\Controllers\QuizController->getRecentAttempts()
#2 /var/www/html/sci-bono-aifluency/api/index.php(146): require_once('...')
#3 {main}
[2026-02-09 04:51:06] ERROR: SQLSTATE[42S02]: Base table or view not found: 1146 Table 'ai_fluency_lms.lesson_completions' doesn't exist in /var/www/html/sci-bono-aifluency/api/controllers/UserController.php:695
Trace: #0 /var/www/html/sci-bono-aifluency/api/controllers/UserController.php(695): PDO->prepare()
#1 /var/www/html/sci-bono-aifluency/api/routes/api.php(1014): App\Controllers\UserController->getMyStats()
#2 /var/www/html/sci-bono-aifluency/api/index.php(146): require_once('...')
#3 {main}
[2026-02-09 09:07:48] ERROR: SQLSTATE[42S22]: Column not found: 1054 Unknown column 'qa.completed_at' in 'order clause' in /var/www/html/sci-bono-aifluency/api/controllers/QuizController.php:595
Trace: #0 /var/www/html/sci-bono-aifluency/api/controllers/QuizController.php(595): PDO->prepare()
#1 /var/www/html/sci-bono-aifluency/api/routes/api.php(1014): App\Controllers\QuizController->getRecentAttempts()
#2 /var/www/html/sci-bono-aifluency/api/index.php(146): require_once('...')
#3 {main}
[2026-02-09 09:07:48] ERROR: SQLSTATE[42S02]: Base table or view not found: 1146 Table 'ai_fluency_lms.lesson_completions' doesn't exist in /var/www/html/sci-bono-aifluency/api/controllers/UserController.php:695
Trace: #0 /var/www/html/sci-bono-aifluency/api/controllers/UserController.php(695): PDO->prepare()
#1 /var/www/html/sci-bono-aifluency/api/routes/api.php(1014): App\Controllers\UserController->getMyStats()
#2 /var/www/html/sci-bono-aifluency/api/index.php(146): require_once('...')
#3 {main}
[2026-02-09 10:14:08] ERROR: SQLSTATE[42S22]: Column not found: 1054 Unknown column 'qa.completed_at' in 'order clause' in /var/www/html/sci-bono-aifluency/api/controllers/QuizController.php:595
Trace: #0 /var/www/html/sci-bono-aifluency/api/controllers/QuizController.php(595): PDO->prepare()
#1 /var/www/html/sci-bono-aifluency/api/routes/api.php(1014): App\Controllers\QuizController->getRecentAttempts()
#2 /var/www/html/sci-bono-aifluency/api/index.php(146): require_once('...')
#3 {main}
[2026-02-09 10:14:08] ERROR: SQLSTATE[42S02]: Base table or view not found: 1146 Table 'ai_fluency_lms.lesson_completions' doesn't exist in /var/www/html/sci-bono-aifluency/api/controllers/UserController.php:695
Trace: #0 /var/www/html/sci-bono-aifluency/api/controllers/UserController.php(695): PDO->prepare()
#1 /var/www/html/sci-bono-aifluency/api/routes/api.php(1014): App\Controllers\UserController->getMyStats()
#2 /var/www/html/sci-bono-aifluency/api/index.php(146): require_once('...')
#3 {main}
[2026-02-09 10:14:22] ERROR: Class "BaseModel" not found in /var/www/html/sci-bono-aifluency/api/models/StudentNote.php:7
Trace: #0 /var/www/html/sci-bono-aifluency/api/vendor/composer/ClassLoader.php(571): include()
#1 /var/www/html/sci-bono-aifluency/api/vendor/composer/ClassLoader.php(428): Composer\Autoload\includeFile()
#2 /var/www/html/sci-bono-aifluency/api/controllers/NotesController.php(17): Composer\Autoload\ClassLoader->loadClass()
#3 /var/www/html/sci-bono-aifluency/api/routes/api.php(1006): App\Controllers\NotesController->__construct()
#4 /var/www/html/sci-bono-aifluency/api/index.php(146): require_once('...')
#5 {main}
[2026-02-09 10:14:22] ERROR: Class "BaseModel" not found in /var/www/html/sci-bono-aifluency/api/models/Bookmark.php:7
Trace: #0 /var/www/html/sci-bono-aifluency/api/vendor/composer/ClassLoader.php(571): include()
#1 /var/www/html/sci-bono-aifluency/api/vendor/composer/ClassLoader.php(428): Composer\Autoload\includeFile()
#2 /var/www/html/sci-bono-aifluency/api/controllers/BookmarksController.php(17): Composer\Autoload\ClassLoader->loadClass()
#3 /var/www/html/sci-bono-aifluency/api/routes/api.php(1006): App\Controllers\BookmarksController->__construct()
#4 /var/www/html/sci-bono-aifluency/api/index.php(146): require_once('...')
#5 {main}
[2026-02-09 10:15:09] ERROR: SQLSTATE[42S22]: Column not found: 1054 Unknown column 'qa.completed_at' in 'order clause' in /var/www/html/sci-bono-aifluency/api/controllers/QuizController.php:595
Trace: #0 /var/www/html/sci-bono-aifluency/api/controllers/QuizController.php(595): PDO->prepare()
#1 /var/www/html/sci-bono-aifluency/api/routes/api.php(1014): App\Controllers\QuizController->getRecentAttempts()
#2 /var/www/html/sci-bono-aifluency/api/index.php(146): require_once('...')
#3 {main}
[2026-02-09 10:15:09] ERROR: SQLSTATE[42S02]: Base table or view not found: 1146 Table 'ai_fluency_lms.lesson_completions' doesn't exist in /var/www/html/sci-bono-aifluency/api/controllers/UserController.php:695
Trace: #0 /var/www/html/sci-bono-aifluency/api/controllers/UserController.php(695): PDO->prepare()
#1 /var/www/html/sci-bono-aifluency/api/routes/api.php(1014): App\Controllers\UserController->getMyStats()
#2 /var/www/html/sci-bono-aifluency/api/index.php(146): require_once('...')
#3 {main}
[2026-02-09 10:16:43] ERROR: Class "BaseModel" not found in /var/www/html/sci-bono-aifluency/api/models/StudentNote.php:7
Trace: #0 /var/www/html/sci-bono-aifluency/api/vendor/composer/ClassLoader.php(571): include()
#1 /var/www/html/sci-bono-aifluency/api/vendor/composer/ClassLoader.php(428): Composer\Autoload\includeFile()
#2 /var/www/html/sci-bono-aifluency/api/controllers/NotesController.php(17): Composer\Autoload\ClassLoader->loadClass()
#3 /var/www/html/sci-bono-aifluency/api/routes/api.php(1006): App\Controllers\NotesController->__construct()
#4 /var/www/html/sci-bono-aifluency/api/index.php(146): require_once('...')
#5 {main}
[2026-02-09 10:16:43] ERROR: Class "BaseModel" not found in /var/www/html/sci-bono-aifluency/api/models/Bookmark.php:7
Trace: #0 /var/www/html/sci-bono-aifluency/api/vendor/composer/ClassLoader.php(571): include()
#1 /var/www/html/sci-bono-aifluency/api/vendor/composer/ClassLoader.php(428): Composer\Autoload\includeFile()
#2 /var/www/html/sci-bono-aifluency/api/controllers/BookmarksController.php(17): Composer\Autoload\ClassLoader->loadClass()
#3 /var/www/html/sci-bono-aifluency/api/routes/api.php(1006): App\Controllers\BookmarksController->__construct()
#4 /var/www/html/sci-bono-aifluency/api/index.php(146): require_once('...')
#5 {main}
[2026-02-09 10:17:10] ERROR: SQLSTATE[42S22]: Column not found: 1054 Unknown column 'qa.completed_at' in 'order clause' in /var/www/html/sci-bono-aifluency/api/controllers/QuizController.php:595
Trace: #0 /var/www/html/sci-bono-aifluency/api/controllers/QuizController.php(595): PDO->prepare()
#1 /var/www/html/sci-bono-aifluency/api/routes/api.php(1014): App\Controllers\QuizController->getRecentAttempts()
#2 /var/www/html/sci-bono-aifluency/api/index.php(146): require_once('...')
#3 {main}
[2026-02-09 10:17:10] ERROR: SQLSTATE[42S02]: Base table or view not found: 1146 Table 'ai_fluency_lms.lesson_completions' doesn't exist in /var/www/html/sci-bono-aifluency/api/controllers/UserController.php:695
Trace: #0 /var/www/html/sci-bono-aifluency/api/controllers/UserController.php(695): PDO->prepare()
#1 /var/www/html/sci-bono-aifluency/api/routes/api.php(1014): App\Controllers\UserController->getMyStats()
#2 /var/www/html/sci-bono-aifluency/api/index.php(146): require_once('...')
#3 {main}
[2026-02-09 10:17:18] ERROR: Class "BaseModel" not found in /var/www/html/sci-bono-aifluency/api/models/StudentNote.php:7
Trace: #0 /var/www/html/sci-bono-aifluency/api/vendor/composer/ClassLoader.php(571): include()
#1 /var/www/html/sci-bono-aifluency/api/vendor/composer/ClassLoader.php(428): Composer\Autoload\includeFile()
#2 /var/www/html/sci-bono-aifluency/api/controllers/NotesController.php(17): Composer\Autoload\ClassLoader->loadClass()
#3 /var/www/html/sci-bono-aifluency/api/routes/api.php(1006): App\Controllers\NotesController->__construct()
#4 /var/www/html/sci-bono-aifluency/api/index.php(146): require_once('...')
#5 {main}
[2026-02-09 10:17:18] ERROR: Class "BaseModel" not found in /var/www/html/sci-bono-aifluency/api/models/Bookmark.php:7
Trace: #0 /var/www/html/sci-bono-aifluency/api/vendor/composer/ClassLoader.php(571): include()
#1 /var/www/html/sci-bono-aifluency/api/vendor/composer/ClassLoader.php(428): Composer\Autoload\includeFile()
#2 /var/www/html/sci-bono-aifluency/api/controllers/BookmarksController.php(17): Composer\Autoload\ClassLoader->loadClass()
#3 /var/www/html/sci-bono-aifluency/api/routes/api.php(1006): App\Controllers\BookmarksController->__construct()
#4 /var/www/html/sci-bono-aifluency/api/index.php(146): require_once('...')
#5 {main}
[2026-02-09 10:22:04] ERROR: Class "BaseModel" not found in /var/www/html/sci-bono-aifluency/api/models/StudentNote.php:7
Trace: #0 /var/www/html/sci-bono-aifluency/api/vendor/composer/ClassLoader.php(571): include()
#1 /var/www/html/sci-bono-aifluency/api/vendor/composer/ClassLoader.php(428): Composer\Autoload\includeFile()
#2 /var/www/html/sci-bono-aifluency/api/controllers/NotesController.php(17): Composer\Autoload\ClassLoader->loadClass()
#3 /var/www/html/sci-bono-aifluency/api/routes/api.php(1006): App\Controllers\NotesController->__construct()
#4 /var/www/html/sci-bono-aifluency/api/index.php(146): require_once('...')
#5 {main}
[2026-02-09 10:22:04] ERROR: Class "BaseModel" not found in /var/www/html/sci-bono-aifluency/api/models/Bookmark.php:7
Trace: #0 /var/www/html/sci-bono-aifluency/api/vendor/composer/ClassLoader.php(571): include()
#1 /var/www/html/sci-bono-aifluency/api/vendor/composer/ClassLoader.php(428): Composer\Autoload\includeFile()
#2 /var/www/html/sci-bono-aifluency/api/controllers/BookmarksController.php(17): Composer\Autoload\ClassLoader->loadClass()
#3 /var/www/html/sci-bono-aifluency/api/routes/api.php(1006): App\Controllers\BookmarksController->__construct()
#4 /var/www/html/sci-bono-aifluency/api/index.php(146): require_once('...')
#5 {main}
[2026-02-09 10:22:37] ERROR: Class "BaseModel" not found in /var/www/html/sci-bono-aifluency/api/models/StudentNote.php:7
Trace: #0 /var/www/html/sci-bono-aifluency/api/vendor/composer/ClassLoader.php(571): include()
#1 /var/www/html/sci-bono-aifluency/api/vendor/composer/ClassLoader.php(428): Composer\Autoload\includeFile()
#2 /var/www/html/sci-bono-aifluency/api/controllers/NotesController.php(17): Composer\Autoload\ClassLoader->loadClass()
#3 /var/www/html/sci-bono-aifluency/api/routes/api.php(1006): App\Controllers\NotesController->__construct()
#4 /var/www/html/sci-bono-aifluency/api/index.php(146): require_once('...')
#5 {main}
[2026-02-09 10:22:37] ERROR: Class "BaseModel" not found in /var/www/html/sci-bono-aifluency/api/models/Bookmark.php:7
Trace: #0 /var/www/html/sci-bono-aifluency/api/vendor/composer/ClassLoader.php(571): include()
#1 /var/www/html/sci-bono-aifluency/api/vendor/composer/ClassLoader.php(428): Composer\Autoload\includeFile()
#2 /var/www/html/sci-bono-aifluency/api/controllers/BookmarksController.php(17): Composer\Autoload\ClassLoader->loadClass()
#3 /var/www/html/sci-bono-aifluency/api/routes/api.php(1006): App\Controllers\BookmarksController->__construct()
#4 /var/www/html/sci-bono-aifluency/api/index.php(146): require_once('...')
#5 {main}
[2026-02-09 10:23:21] ERROR: Class "BaseModel" not found in /var/www/html/sci-bono-aifluency/api/models/StudentNote.php:7
Trace: #0 /var/www/html/sci-bono-aifluency/api/vendor/composer/ClassLoader.php(571): include()
#1 /var/www/html/sci-bono-aifluency/api/vendor/composer/ClassLoader.php(428): Composer\Autoload\includeFile()
#2 /var/www/html/sci-bono-aifluency/api/controllers/NotesController.php(17): Composer\Autoload\ClassLoader->loadClass()
#3 /var/www/html/sci-bono-aifluency/api/routes/api.php(1006): App\Controllers\NotesController->__construct()
#4 /var/www/html/sci-bono-aifluency/api/index.php(146): require_once('...')
#5 {main}
[2026-02-09 10:23:21] ERROR: Class "BaseModel" not found in /var/www/html/sci-bono-aifluency/api/models/Bookmark.php:7
Trace: #0 /var/www/html/sci-bono-aifluency/api/vendor/composer/ClassLoader.php(571): include()
#1 /var/www/html/sci-bono-aifluency/api/vendor/composer/ClassLoader.php(428): Composer\Autoload\includeFile()
#2 /var/www/html/sci-bono-aifluency/api/controllers/BookmarksController.php(17): Composer\Autoload\ClassLoader->loadClass()
#3 /var/www/html/sci-bono-aifluency/api/routes/api.php(1006): App\Controllers\BookmarksController->__construct()
#4 /var/www/html/sci-bono-aifluency/api/index.php(146): require_once('...')
#5 {main}
[2026-02-09 10:23:55] ERROR: Class "BaseModel" not found in /var/www/html/sci-bono-aifluency/api/models/StudentNote.php:7
Trace: #0 /var/www/html/sci-bono-aifluency/api/vendor/composer/ClassLoader.php(571): include()
#1 /var/www/html/sci-bono-aifluency/api/vendor/composer/ClassLoader.php(428): Composer\Autoload\includeFile()
#2 /var/www/html/sci-bono-aifluency/api/controllers/NotesController.php(17): Composer\Autoload\ClassLoader->loadClass()
#3 /var/www/html/sci-bono-aifluency/api/routes/api.php(1006): App\Controllers\NotesController->__construct()
#4 /var/www/html/sci-bono-aifluency/api/index.php(146): require_once('...')
#5 {main}
[2026-02-09 10:23:55] ERROR: Class "BaseModel" not found in /var/www/html/sci-bono-aifluency/api/models/Bookmark.php:7
Trace: #0 /var/www/html/sci-bono-aifluency/api/vendor/composer/ClassLoader.php(571): include()
#1 /var/www/html/sci-bono-aifluency/api/vendor/composer/ClassLoader.php(428): Composer\Autoload\includeFile()
#2 /var/www/html/sci-bono-aifluency/api/controllers/BookmarksController.php(17): Composer\Autoload\ClassLoader->loadClass()
#3 /var/www/html/sci-bono-aifluency/api/routes/api.php(1006): App\Controllers\BookmarksController->__construct()
#4 /var/www/html/sci-bono-aifluency/api/index.php(146): require_once('...')
#5 {main}
[2026-02-09 10:26:47] ERROR: Class "BaseModel" not found in /var/www/html/sci-bono-aifluency/api/models/StudentNote.php:7
Trace: #0 /var/www/html/sci-bono-aifluency/api/vendor/composer/ClassLoader.php(571): include()
#1 /var/www/html/sci-bono-aifluency/api/vendor/composer/ClassLoader.php(428): Composer\Autoload\includeFile()
#2 /var/www/html/sci-bono-aifluency/api/controllers/NotesController.php(17): Composer\Autoload\ClassLoader->loadClass()
#3 /var/www/html/sci-bono-aifluency/api/routes/api.php(1006): App\Controllers\NotesController->__construct()
#4 /var/www/html/sci-bono-aifluency/api/index.php(146): require_once('...')
#5 {main}
[2026-02-09 10:26:47] ERROR: Class "BaseModel" not found in /var/www/html/sci-bono-aifluency/api/models/Bookmark.php:7
Trace: #0 /var/www/html/sci-bono-aifluency/api/vendor/composer/ClassLoader.php(571): include()
#1 /var/www/html/sci-bono-aifluency/api/vendor/composer/ClassLoader.php(428): Composer\Autoload\includeFile()
#2 /var/www/html/sci-bono-aifluency/api/controllers/BookmarksController.php(17): Composer\Autoload\ClassLoader->loadClass()
#3 /var/www/html/sci-bono-aifluency/api/routes/api.php(1006): App\Controllers\BookmarksController->__construct()
#4 /var/www/html/sci-bono-aifluency/api/index.php(146): require_once('...')
#5 {main}
[2026-02-09 10:26:51] ERROR: Class "BaseModel" not found in /var/www/html/sci-bono-aifluency/api/models/StudentNote.php:7
Trace: #0 /var/www/html/sci-bono-aifluency/api/vendor/composer/ClassLoader.php(571): include()
#1 /var/www/html/sci-bono-aifluency/api/vendor/composer/ClassLoader.php(428): Composer\Autoload\includeFile()
#2 /var/www/html/sci-bono-aifluency/api/controllers/NotesController.php(17): Composer\Autoload\ClassLoader->loadClass()
#3 /var/www/html/sci-bono-aifluency/api/routes/api.php(1006): App\Controllers\NotesController->__construct()
#4 /var/www/html/sci-bono-aifluency/api/index.php(146): require_once('...')
#5 {main}
[2026-02-09 10:26:51] ERROR: Class "BaseModel" not found in /var/www/html/sci-bono-aifluency/api/models/Bookmark.php:7
Trace: #0 /var/www/html/sci-bono-aifluency/api/vendor/composer/ClassLoader.php(571): include()
#1 /var/www/html/sci-bono-aifluency/api/vendor/composer/ClassLoader.php(428): Composer\Autoload\includeFile()
#2 /var/www/html/sci-bono-aifluency/api/controllers/BookmarksController.php(17): Composer\Autoload\ClassLoader->loadClass()
#3 /var/www/html/sci-bono-aifluency/api/routes/api.php(1006): App\Controllers\BookmarksController->__construct()
#4 /var/www/html/sci-bono-aifluency/api/index.php(146): require_once('...')
#5 {main}
[2026-02-09 10:27:54] ERROR: Class "BaseModel" not found in /var/www/html/sci-bono-aifluency/api/models/Bookmark.php:7
Trace: #0 /var/www/html/sci-bono-aifluency/api/vendor/composer/ClassLoader.php(571): include()
#1 /var/www/html/sci-bono-aifluency/api/vendor/composer/ClassLoader.php(428): Composer\Autoload\includeFile()
#2 /var/www/html/sci-bono-aifluency/api/controllers/BookmarksController.php(17): Composer\Autoload\ClassLoader->loadClass()
#3 /var/www/html/sci-bono-aifluency/api/routes/api.php(1006): App\Controllers\BookmarksController->__construct()
#4 /var/www/html/sci-bono-aifluency/api/index.php(146): require_once('...')
#5 {main}
[2026-02-09 10:27:54] ERROR: Class "BaseModel" not found in /var/www/html/sci-bono-aifluency/api/models/StudentNote.php:7
Trace: #0 /var/www/html/sci-bono-aifluency/api/vendor/composer/ClassLoader.php(571): include()
#1 /var/www/html/sci-bono-aifluency/api/vendor/composer/ClassLoader.php(428): Composer\Autoload\includeFile()
#2 /var/www/html/sci-bono-aifluency/api/controllers/NotesController.php(17): Composer\Autoload\ClassLoader->loadClass()
#3 /var/www/html/sci-bono-aifluency/api/routes/api.php(1006): App\Controllers\NotesController->__construct()
#4 /var/www/html/sci-bono-aifluency/api/index.php(146): require_once('...')
#5 {main}
[2026-02-09 10:28:15] ERROR: Class "BaseModel" not found in /var/www/html/sci-bono-aifluency/api/models/StudentNote.php:7
Trace: #0 /var/www/html/sci-bono-aifluency/api/vendor/composer/ClassLoader.php(571): include()
#1 /var/www/html/sci-bono-aifluency/api/vendor/composer/ClassLoader.php(428): Composer\Autoload\includeFile()
#2 /var/www/html/sci-bono-aifluency/api/controllers/NotesController.php(17): Composer\Autoload\ClassLoader->loadClass()
#3 /var/www/html/sci-bono-aifluency/api/routes/api.php(1006): App\Controllers\NotesController->__construct()
#4 /var/www/html/sci-bono-aifluency/api/index.php(146): require_once('...')
#5 {main}
[2026-02-09 10:28:15] ERROR: Class "BaseModel" not found in /var/www/html/sci-bono-aifluency/api/models/Bookmark.php:7
Trace: #0 /var/www/html/sci-bono-aifluency/api/vendor/composer/ClassLoader.php(571): include()
#1 /var/www/html/sci-bono-aifluency/api/vendor/composer/ClassLoader.php(428): Composer\Autoload\includeFile()
#2 /var/www/html/sci-bono-aifluency/api/controllers/BookmarksController.php(17): Composer\Autoload\ClassLoader->loadClass()
#3 /var/www/html/sci-bono-aifluency/api/routes/api.php(1006): App\Controllers\BookmarksController->__construct()
#4 /var/www/html/sci-bono-aifluency/api/index.php(146): require_once('...')
#5 {main}
[2026-02-09 10:28:23] ERROR: Class "BaseModel" not found in /var/www/html/sci-bono-aifluency/api/models/StudentNote.php:7
Trace: #0 /var/www/html/sci-bono-aifluency/api/vendor/composer/ClassLoader.php(571): include()
#1 /var/www/html/sci-bono-aifluency/api/vendor/composer/ClassLoader.php(428): Composer\Autoload\includeFile()
#2 /var/www/html/sci-bono-aifluency/api/controllers/NotesController.php(17): Composer\Autoload\ClassLoader->loadClass()
#3 /var/www/html/sci-bono-aifluency/api/routes/api.php(1006): App\Controllers\NotesController->__construct()
#4 /var/www/html/sci-bono-aifluency/api/index.php(146): require_once('...')
#5 {main}
[2026-02-09 10:28:23] ERROR: Class "BaseModel" not found in /var/www/html/sci-bono-aifluency/api/models/Bookmark.php:7
Trace: #0 /var/www/html/sci-bono-aifluency/api/vendor/composer/ClassLoader.php(571): include()
#1 /var/www/html/sci-bono-aifluency/api/vendor/composer/ClassLoader.php(428): Composer\Autoload\includeFile()
#2 /var/www/html/sci-bono-aifluency/api/controllers/BookmarksController.php(17): Composer\Autoload\ClassLoader->loadClass()
#3 /var/www/html/sci-bono-aifluency/api/routes/api.php(1006): App\Controllers\BookmarksController->__construct()
#4 /var/www/html/sci-bono-aifluency/api/index.php(146): require_once('...')
#5 {main}
[2026-02-09 10:30:56] ERROR: Class "BaseModel" not found in /var/www/html/sci-bono-aifluency/api/models/Bookmark.php:7
Trace: #0 /var/www/html/sci-bono-aifluency/api/vendor/composer/ClassLoader.php(571): include()
#1 /var/www/html/sci-bono-aifluency/api/vendor/composer/ClassLoader.php(428): Composer\Autoload\includeFile()
#2 /var/www/html/sci-bono-aifluency/api/controllers/BookmarksController.php(17): Composer\Autoload\ClassLoader->loadClass()
#3 /var/www/html/sci-bono-aifluency/api/routes/api.php(1006): App\Controllers\BookmarksController->__construct()
#4 /var/www/html/sci-bono-aifluency/api/index.php(146): require_once('...')
#5 {main}
[2026-02-09 10:30:56] ERROR: Class "BaseModel" not found in /var/www/html/sci-bono-aifluency/api/models/StudentNote.php:7
Trace: #0 /var/www/html/sci-bono-aifluency/api/vendor/composer/ClassLoader.php(571): include()
#1 /var/www/html/sci-bono-aifluency/api/vendor/composer/ClassLoader.php(428): Composer\Autoload\includeFile()
#2 /var/www/html/sci-bono-aifluency/api/controllers/NotesController.php(17): Composer\Autoload\ClassLoader->loadClass()
#3 /var/www/html/sci-bono-aifluency/api/routes/api.php(1006): App\Controllers\NotesController->__construct()
#4 /var/www/html/sci-bono-aifluency/api/index.php(146): require_once('...')
#5 {main}
[2026-02-09 10:31:08] ERROR: Class "BaseModel" not found in /var/www/html/sci-bono-aifluency/api/models/StudentNote.php:7
Trace: #0 /var/www/html/sci-bono-aifluency/api/vendor/composer/ClassLoader.php(571): include()
#1 /var/www/html/sci-bono-aifluency/api/vendor/composer/ClassLoader.php(428): Composer\Autoload\includeFile()
#2 /var/www/html/sci-bono-aifluency/api/controllers/NotesController.php(17): Composer\Autoload\ClassLoader->loadClass()
#3 /var/www/html/sci-bono-aifluency/api/routes/api.php(1006): App\Controllers\NotesController->__construct()
#4 /var/www/html/sci-bono-aifluency/api/index.php(146): require_once('...')
#5 {main}
[2026-02-09 10:31:08] ERROR: Class "BaseModel" not found in /var/www/html/sci-bono-aifluency/api/models/Bookmark.php:7
Trace: #0 /var/www/html/sci-bono-aifluency/api/vendor/composer/ClassLoader.php(571): include()
#1 /var/www/html/sci-bono-aifluency/api/vendor/composer/ClassLoader.php(428): Composer\Autoload\includeFile()
#2 /var/www/html/sci-bono-aifluency/api/controllers/BookmarksController.php(17): Composer\Autoload\ClassLoader->loadClass()
#3 /var/www/html/sci-bono-aifluency/api/routes/api.php(1006): App\Controllers\BookmarksController->__construct()
#4 /var/www/html/sci-bono-aifluency/api/index.php(146): require_once('...')
#5 {main}
[2026-02-09 10:31:14] ERROR: Class "BaseModel" not found in /var/www/html/sci-bono-aifluency/api/models/Bookmark.php:7
Trace: #0 /var/www/html/sci-bono-aifluency/api/vendor/composer/ClassLoader.php(571): include()
#1 /var/www/html/sci-bono-aifluency/api/vendor/composer/ClassLoader.php(428): Composer\Autoload\includeFile()
#2 /var/www/html/sci-bono-aifluency/api/controllers/BookmarksController.php(17): Composer\Autoload\ClassLoader->loadClass()
#3 /var/www/html/sci-bono-aifluency/api/routes/api.php(1006): App\Controllers\BookmarksController->__construct()
#4 /var/www/html/sci-bono-aifluency/api/index.php(146): require_once('...')
#5 {main}
[2026-02-09 10:31:14] ERROR: Class "BaseModel" not found in /var/www/html/sci-bono-aifluency/api/models/StudentNote.php:7
Trace: #0 /var/www/html/sci-bono-aifluency/api/vendor/composer/ClassLoader.php(571): include()
#1 /var/www/html/sci-bono-aifluency/api/vendor/composer/ClassLoader.php(428): Composer\Autoload\includeFile()
#2 /var/www/html/sci-bono-aifluency/api/controllers/NotesController.php(17): Composer\Autoload\ClassLoader->loadClass()
#3 /var/www/html/sci-bono-aifluency/api/routes/api.php(1006): App\Controllers\NotesController->__construct()
#4 /var/www/html/sci-bono-aifluency/api/index.php(146): require_once('...')
#5 {main}
[2026-02-09 10:31:30] ERROR: Class "BaseModel" not found in /var/www/html/sci-bono-aifluency/api/models/StudentNote.php:7
Trace: #0 /var/www/html/sci-bono-aifluency/api/vendor/composer/ClassLoader.php(571): include()
#1 /var/www/html/sci-bono-aifluency/api/vendor/composer/ClassLoader.php(428): Composer\Autoload\includeFile()
#2 /var/www/html/sci-bono-aifluency/api/controllers/NotesController.php(17): Composer\Autoload\ClassLoader->loadClass()
#3 /var/www/html/sci-bono-aifluency/api/routes/api.php(1006): App\Controllers\NotesController->__construct()
#4 /var/www/html/sci-bono-aifluency/api/index.php(146): require_once('...')
#5 {main}
[2026-02-09 10:31:30] ERROR: Class "BaseModel" not found in /var/www/html/sci-bono-aifluency/api/models/Bookmark.php:7
Trace: #0 /var/www/html/sci-bono-aifluency/api/vendor/composer/ClassLoader.php(571): include()
#1 /var/www/html/sci-bono-aifluency/api/vendor/composer/ClassLoader.php(428): Composer\Autoload\includeFile()
#2 /var/www/html/sci-bono-aifluency/api/controllers/BookmarksController.php(17): Composer\Autoload\ClassLoader->loadClass()
#3 /var/www/html/sci-bono-aifluency/api/routes/api.php(1006): App\Controllers\BookmarksController->__construct()
#4 /var/www/html/sci-bono-aifluency/api/index.php(146): require_once('...')
#5 {main}
[2026-02-09 10:31:35] ERROR: Class "BaseModel" not found in /var/www/html/sci-bono-aifluency/api/models/Bookmark.php:7
Trace: #0 /var/www/html/sci-bono-aifluency/api/vendor/composer/ClassLoader.php(571): include()
#1 /var/www/html/sci-bono-aifluency/api/vendor/composer/ClassLoader.php(428): Composer\Autoload\includeFile()
#2 /var/www/html/sci-bono-aifluency/api/controllers/BookmarksController.php(17): Composer\Autoload\ClassLoader->loadClass()
#3 /var/www/html/sci-bono-aifluency/api/routes/api.php(1006): App\Controllers\BookmarksController->__construct()
#4 /var/www/html/sci-bono-aifluency/api/index.php(146): require_once('...')
#5 {main}
[2026-02-09 10:31:35] ERROR: Class "BaseModel" not found in /var/www/html/sci-bono-aifluency/api/models/StudentNote.php:7
Trace: #0 /var/www/html/sci-bono-aifluency/api/vendor/composer/ClassLoader.php(571): include()
#1 /var/www/html/sci-bono-aifluency/api/vendor/composer/ClassLoader.php(428): Composer\Autoload\includeFile()
#2 /var/www/html/sci-bono-aifluency/api/controllers/NotesController.php(17): Composer\Autoload\ClassLoader->loadClass()
#3 /var/www/html/sci-bono-aifluency/api/routes/api.php(1006): App\Controllers\NotesController->__construct()
#4 /var/www/html/sci-bono-aifluency/api/index.php(146): require_once('...')
#5 {main}
[2026-02-09 10:40:06] ERROR: SQLSTATE[42S22]: Column not found: 1054 Unknown column 'qa.completed_at' in 'order clause' in /var/www/html/sci-bono-aifluency/api/controllers/QuizController.php:595
Trace: #0 /var/www/html/sci-bono-aifluency/api/controllers/QuizController.php(595): PDO->prepare()
#1 /var/www/html/sci-bono-aifluency/api/routes/api.php(1014): App\Controllers\QuizController->getRecentAttempts()
#2 /var/www/html/sci-bono-aifluency/api/index.php(146): require_once('...')
#3 {main}
[2026-02-09 10:40:06] ERROR: SQLSTATE[42S02]: Base table or view not found: 1146 Table 'ai_fluency_lms.lesson_completions' doesn't exist in /var/www/html/sci-bono-aifluency/api/controllers/UserController.php:695
Trace: #0 /var/www/html/sci-bono-aifluency/api/controllers/UserController.php(695): PDO->prepare()
#1 /var/www/html/sci-bono-aifluency/api/routes/api.php(1014): App\Controllers\UserController->getMyStats()
#2 /var/www/html/sci-bono-aifluency/api/index.php(146): require_once('...')
#3 {main}
[2026-02-09 10:41:38] ERROR: Class "BaseModel" not found in /var/www/html/sci-bono-aifluency/api/models/StudentNote.php:7
Trace: #0 /var/www/html/sci-bono-aifluency/api/vendor/composer/ClassLoader.php(571): include()
#1 /var/www/html/sci-bono-aifluency/api/vendor/composer/ClassLoader.php(428): Composer\Autoload\includeFile()
#2 /var/www/html/sci-bono-aifluency/api/controllers/NotesController.php(17): Composer\Autoload\ClassLoader->loadClass()
#3 /var/www/html/sci-bono-aifluency/api/routes/api.php(1006): App\Controllers\NotesController->__construct()
#4 /var/www/html/sci-bono-aifluency/api/index.php(146): require_once('...')
#5 {main}
[2026-02-09 10:41:38] ERROR: Class "BaseModel" not found in /var/www/html/sci-bono-aifluency/api/models/Bookmark.php:7
Trace: #0 /var/www/html/sci-bono-aifluency/api/vendor/composer/ClassLoader.php(571): include()
#1 /var/www/html/sci-bono-aifluency/api/vendor/composer/ClassLoader.php(428): Composer\Autoload\includeFile()
#2 /var/www/html/sci-bono-aifluency/api/controllers/BookmarksController.php(17): Composer\Autoload\ClassLoader->loadClass()
#3 /var/www/html/sci-bono-aifluency/api/routes/api.php(1006): App\Controllers\BookmarksController->__construct()
#4 /var/www/html/sci-bono-aifluency/api/index.php(146): require_once('...')
#5 {main}
[2026-02-09 10:41:45] ERROR: Class "BaseModel" not found in /var/www/html/sci-bono-aifluency/api/models/StudentNote.php:7
Trace: #0 /var/www/html/sci-bono-aifluency/api/vendor/composer/ClassLoader.php(571): include()
#1 /var/www/html/sci-bono-aifluency/api/vendor/composer/ClassLoader.php(428): Composer\Autoload\includeFile()
#2 /var/www/html/sci-bono-aifluency/api/controllers/NotesController.php(17): Composer\Autoload\ClassLoader->loadClass()
#3 /var/www/html/sci-bono-aifluency/api/routes/api.php(1006): App\Controllers\NotesController->__construct()
#4 /var/www/html/sci-bono-aifluency/api/index.php(146): require_once('...')
#5 {main}
[2026-02-09 10:41:45] ERROR: Class "BaseModel" not found in /var/www/html/sci-bono-aifluency/api/models/Bookmark.php:7
Trace: #0 /var/www/html/sci-bono-aifluency/api/vendor/composer/ClassLoader.php(571): include()
#1 /var/www/html/sci-bono-aifluency/api/vendor/composer/ClassLoader.php(428): Composer\Autoload\includeFile()
#2 /var/www/html/sci-bono-aifluency/api/controllers/BookmarksController.php(17): Composer\Autoload\ClassLoader->loadClass()
#3 /var/www/html/sci-bono-aifluency/api/routes/api.php(1006): App\Controllers\BookmarksController->__construct()
#4 /var/www/html/sci-bono-aifluency/api/index.php(146): require_once('...')
#5 {main}
[2026-02-09 10:43:05] ERROR: Class "BaseModel" not found in /var/www/html/sci-bono-aifluency/api/models/StudentNote.php:7
Trace: #0 /var/www/html/sci-bono-aifluency/api/vendor/composer/ClassLoader.php(571): include()
#1 /var/www/html/sci-bono-aifluency/api/vendor/composer/ClassLoader.php(428): Composer\Autoload\includeFile()
#2 /var/www/html/sci-bono-aifluency/api/controllers/NotesController.php(17): Composer\Autoload\ClassLoader->loadClass()
#3 /var/www/html/sci-bono-aifluency/api/routes/api.php(1006): App\Controllers\NotesController->__construct()
#4 /var/www/html/sci-bono-aifluency/api/index.php(146): require_once('...')
#5 {main}
[2026-02-09 10:43:05] ERROR: Class "BaseModel" not found in /var/www/html/sci-bono-aifluency/api/models/Bookmark.php:7
Trace: #0 /var/www/html/sci-bono-aifluency/api/vendor/composer/ClassLoader.php(571): include()
#1 /var/www/html/sci-bono-aifluency/api/vendor/composer/ClassLoader.php(428): Composer\Autoload\includeFile()
#2 /var/www/html/sci-bono-aifluency/api/controllers/BookmarksController.php(17): Composer\Autoload\ClassLoader->loadClass()
#3 /var/www/html/sci-bono-aifluency/api/routes/api.php(1006): App\Controllers\BookmarksController->__construct()
#4 /var/www/html/sci-bono-aifluency/api/index.php(146): require_once('...')
#5 {main}
[2026-02-09 10:43:12] ERROR: Class "BaseModel" not found in /var/www/html/sci-bono-aifluency/api/models/Bookmark.php:7
Trace: #0 /var/www/html/sci-bono-aifluency/api/vendor/composer/ClassLoader.php(571): include()
#1 /var/www/html/sci-bono-aifluency/api/vendor/composer/ClassLoader.php(428): Composer\Autoload\includeFile()
#2 /var/www/html/sci-bono-aifluency/api/controllers/BookmarksController.php(17): Composer\Autoload\ClassLoader->loadClass()
#3 /var/www/html/sci-bono-aifluency/api/routes/api.php(1006): App\Controllers\BookmarksController->__construct()
#4 /var/www/html/sci-bono-aifluency/api/index.php(146): require_once('...')
#5 {main}
[2026-02-09 10:43:12] ERROR: Class "BaseModel" not found in /var/www/html/sci-bono-aifluency/api/models/StudentNote.php:7
Trace: #0 /var/www/html/sci-bono-aifluency/api/vendor/composer/ClassLoader.php(571): include()
#1 /var/www/html/sci-bono-aifluency/api/vendor/composer/ClassLoader.php(428): Composer\Autoload\includeFile()
#2 /var/www/html/sci-bono-aifluency/api/controllers/NotesController.php(17): Composer\Autoload\ClassLoader->loadClass()
#3 /var/www/html/sci-bono-aifluency/api/routes/api.php(1006): App\Controllers\NotesController->__construct()
#4 /var/www/html/sci-bono-aifluency/api/index.php(146): require_once('...')
#5 {main}
[2026-02-09 10:43:58] ERROR: Class "BaseModel" not found in /var/www/html/sci-bono-aifluency/api/models/StudentNote.php:7
Trace: #0 /var/www/html/sci-bono-aifluency/api/vendor/composer/ClassLoader.php(571): include()
#1 /var/www/html/sci-bono-aifluency/api/vendor/composer/ClassLoader.php(428): Composer\Autoload\includeFile()
#2 /var/www/html/sci-bono-aifluency/api/controllers/NotesController.php(17): Composer\Autoload\ClassLoader->loadClass()
#3 /var/www/html/sci-bono-aifluency/api/routes/api.php(1006): App\Controllers\NotesController->__construct()
#4 /var/www/html/sci-bono-aifluency/api/index.php(146): require_once('...')
#5 {main}
[2026-02-09 10:43:58] ERROR: Class "BaseModel" not found in /var/www/html/sci-bono-aifluency/api/models/Bookmark.php:7
Trace: #0 /var/www/html/sci-bono-aifluency/api/vendor/composer/ClassLoader.php(571): include()
#1 /var/www/html/sci-bono-aifluency/api/vendor/composer/ClassLoader.php(428): Composer\Autoload\includeFile()
#2 /var/www/html/sci-bono-aifluency/api/controllers/BookmarksController.php(17): Composer\Autoload\ClassLoader->loadClass()
#3 /var/www/html/sci-bono-aifluency/api/routes/api.php(1006): App\Controllers\BookmarksController->__construct()
#4 /var/www/html/sci-bono-aifluency/api/index.php(146): require_once('...')
#5 {main}
[2026-02-09 10:44:19] ERROR: Class "BaseModel" not found in /var/www/html/sci-bono-aifluency/api/models/StudentNote.php:7
Trace: #0 /var/www/html/sci-bono-aifluency/api/vendor/composer/ClassLoader.php(571): include()
#1 /var/www/html/sci-bono-aifluency/api/vendor/composer/ClassLoader.php(428): Composer\Autoload\includeFile()
#2 /var/www/html/sci-bono-aifluency/api/controllers/NotesController.php(17): Composer\Autoload\ClassLoader->loadClass()
#3 /var/www/html/sci-bono-aifluency/api/routes/api.php(1006): App\Controllers\NotesController->__construct()
#4 /var/www/html/sci-bono-aifluency/api/index.php(146): require_once('...')
#5 {main}
[2026-02-09 10:44:19] ERROR: Class "BaseModel" not found in /var/www/html/sci-bono-aifluency/api/models/Bookmark.php:7
Trace: #0 /var/www/html/sci-bono-aifluency/api/vendor/composer/ClassLoader.php(571): include()
#1 /var/www/html/sci-bono-aifluency/api/vendor/composer/ClassLoader.php(428): Composer\Autoload\includeFile()
#2 /var/www/html/sci-bono-aifluency/api/controllers/BookmarksController.php(17): Composer\Autoload\ClassLoader->loadClass()
#3 /var/www/html/sci-bono-aifluency/api/routes/api.php(1006): App\Controllers\BookmarksController->__construct()
#4 /var/www/html/sci-bono-aifluency/api/index.php(146): require_once('...')
#5 {main}
[2026-02-09 10:48:10] ERROR: Class "BaseModel" not found in /var/www/html/sci-bono-aifluency/api/models/Bookmark.php:7
Trace: #0 /var/www/html/sci-bono-aifluency/api/vendor/composer/ClassLoader.php(571): include()
#1 /var/www/html/sci-bono-aifluency/api/vendor/composer/ClassLoader.php(428): Composer\Autoload\includeFile()
#2 /var/www/html/sci-bono-aifluency/api/controllers/BookmarksController.php(17): Composer\Autoload\ClassLoader->loadClass()
#3 /var/www/html/sci-bono-aifluency/api/routes/api.php(1006): App\Controllers\BookmarksController->__construct()
#4 /var/www/html/sci-bono-aifluency/api/index.php(146): require_once('...')
#5 {main}
[2026-02-09 10:48:10] ERROR: Class "BaseModel" not found in /var/www/html/sci-bono-aifluency/api/models/StudentNote.php:7
Trace: #0 /var/www/html/sci-bono-aifluency/api/vendor/composer/ClassLoader.php(571): include()
#1 /var/www/html/sci-bono-aifluency/api/vendor/composer/ClassLoader.php(428): Composer\Autoload\includeFile()
#2 /var/www/html/sci-bono-aifluency/api/controllers/NotesController.php(17): Composer\Autoload\ClassLoader->loadClass()
#3 /var/www/html/sci-bono-aifluency/api/routes/api.php(1006): App\Controllers\NotesController->__construct()
#4 /var/www/html/sci-bono-aifluency/api/index.php(146): require_once('...')
#5 {main}
[2026-02-09 10:49:41] ERROR: Class "BaseModel" not found in /var/www/html/sci-bono-aifluency/api/models/Bookmark.php:7
Trace: #0 /var/www/html/sci-bono-aifluency/api/vendor/composer/ClassLoader.php(571): include()
#1 /var/www/html/sci-bono-aifluency/api/vendor/composer/ClassLoader.php(428): Composer\Autoload\includeFile()
#2 /var/www/html/sci-bono-aifluency/api/controllers/BookmarksController.php(17): Composer\Autoload\ClassLoader->loadClass()
#3 /var/www/html/sci-bono-aifluency/api/routes/api.php(1006): App\Controllers\BookmarksController->__construct()
#4 /var/www/html/sci-bono-aifluency/api/index.php(146): require_once('...')
#5 {main}
[2026-02-09 10:57:12] ERROR: SQLSTATE[42S22]: Column not found: 1054 Unknown column 'qa.completed_at' in 'order clause' in /var/www/html/sci-bono-aifluency/api/controllers/QuizController.php:595
Trace: #0 /var/www/html/sci-bono-aifluency/api/controllers/QuizController.php(595): PDO->prepare()
#1 /var/www/html/sci-bono-aifluency/api/routes/api.php(1014): App\Controllers\QuizController->getRecentAttempts()
#2 /var/www/html/sci-bono-aifluency/api/index.php(146): require_once('...')
#3 {main}
[2026-02-09 10:57:12] ERROR: SQLSTATE[42S02]: Base table or view not found: 1146 Table 'ai_fluency_lms.lesson_completions' doesn't exist in /var/www/html/sci-bono-aifluency/api/controllers/UserController.php:695
Trace: #0 /var/www/html/sci-bono-aifluency/api/controllers/UserController.php(695): PDO->prepare()
#1 /var/www/html/sci-bono-aifluency/api/routes/api.php(1014): App\Controllers\UserController->getMyStats()
#2 /var/www/html/sci-bono-aifluency/api/index.php(146): require_once('...')
#3 {main}
[2026-02-09 10:57:25] ERROR: Class "BaseModel" not found in /var/www/html/sci-bono-aifluency/api/models/StudentNote.php:7
Trace: #0 /var/www/html/sci-bono-aifluency/api/vendor/composer/ClassLoader.php(571): include()
#1 /var/www/html/sci-bono-aifluency/api/vendor/composer/ClassLoader.php(428): Composer\Autoload\includeFile()
#2 /var/www/html/sci-bono-aifluency/api/controllers/NotesController.php(17): Composer\Autoload\ClassLoader->loadClass()
#3 /var/www/html/sci-bono-aifluency/api/routes/api.php(1006): App\Controllers\NotesController->__construct()
#4 /var/www/html/sci-bono-aifluency/api/index.php(146): require_once('...')
#5 {main}
[2026-02-09 10:57:25] ERROR: Class "BaseModel" not found in /var/www/html/sci-bono-aifluency/api/models/Bookmark.php:7
Trace: #0 /var/www/html/sci-bono-aifluency/api/vendor/composer/ClassLoader.php(571): include()
#1 /var/www/html/sci-bono-aifluency/api/vendor/composer/ClassLoader.php(428): Composer\Autoload\includeFile()
#2 /var/www/html/sci-bono-aifluency/api/controllers/BookmarksController.php(17): Composer\Autoload\ClassLoader->loadClass()
#3 /var/www/html/sci-bono-aifluency/api/routes/api.php(1006): App\Controllers\BookmarksController->__construct()
#4 /var/www/html/sci-bono-aifluency/api/index.php(146): require_once('...')
#5 {main}
[2026-02-09 10:57:30] ERROR: Class "BaseModel" not found in /var/www/html/sci-bono-aifluency/api/models/StudentNote.php:7
Trace: #0 /var/www/html/sci-bono-aifluency/api/vendor/composer/ClassLoader.php(571): include()
#1 /var/www/html/sci-bono-aifluency/api/vendor/composer/ClassLoader.php(428): Composer\Autoload\includeFile()
#2 /var/www/html/sci-bono-aifluency/api/controllers/NotesController.php(17): Composer\Autoload\ClassLoader->loadClass()
#3 /var/www/html/sci-bono-aifluency/api/routes/api.php(1006): App\Controllers\NotesController->__construct()
#4 /var/www/html/sci-bono-aifluency/api/index.php(146): require_once('...')
#5 {main}
[2026-02-09 10:57:30] ERROR: Class "BaseModel" not found in /var/www/html/sci-bono-aifluency/api/models/Bookmark.php:7
Trace: #0 /var/www/html/sci-bono-aifluency/api/vendor/composer/ClassLoader.php(571): include()
#1 /var/www/html/sci-bono-aifluency/api/vendor/composer/ClassLoader.php(428): Composer\Autoload\includeFile()
#2 /var/www/html/sci-bono-aifluency/api/controllers/BookmarksController.php(17): Composer\Autoload\ClassLoader->loadClass()
#3 /var/www/html/sci-bono-aifluency/api/routes/api.php(1006): App\Controllers\BookmarksController->__construct()
#4 /var/www/html/sci-bono-aifluency/api/index.php(146): require_once('...')
#5 {main}
[2026-02-09 10:57:37] ERROR: Class "BaseModel" not found in /var/www/html/sci-bono-aifluency/api/models/StudentNote.php:7
Trace: #0 /var/www/html/sci-bono-aifluency/api/vendor/composer/ClassLoader.php(571): include()
#1 /var/www/html/sci-bono-aifluency/api/vendor/composer/ClassLoader.php(428): Composer\Autoload\includeFile()
#2 /var/www/html/sci-bono-aifluency/api/controllers/NotesController.php(17): Composer\Autoload\ClassLoader->loadClass()
#3 /var/www/html/sci-bono-aifluency/api/routes/api.php(1006): App\Controllers\NotesController->__construct()
#4 /var/www/html/sci-bono-aifluency/api/index.php(146): require_once('...')
#5 {main}
[2026-02-09 10:57:37] ERROR: Class "BaseModel" not found in /var/www/html/sci-bono-aifluency/api/models/Bookmark.php:7
Trace: #0 /var/www/html/sci-bono-aifluency/api/vendor/composer/ClassLoader.php(571): include()
#1 /var/www/html/sci-bono-aifluency/api/vendor/composer/ClassLoader.php(428): Composer\Autoload\includeFile()
#2 /var/www/html/sci-bono-aifluency/api/controllers/BookmarksController.php(17): Composer\Autoload\ClassLoader->loadClass()
#3 /var/www/html/sci-bono-aifluency/api/routes/api.php(1006): App\Controllers\BookmarksController->__construct()
#4 /var/www/html/sci-bono-aifluency/api/index.php(146): require_once('...')
#5 {main}
[2026-02-09 10:57:41] ERROR: Class "BaseModel" not found in /var/www/html/sci-bono-aifluency/api/models/StudentNote.php:7
Trace: #0 /var/www/html/sci-bono-aifluency/api/vendor/composer/ClassLoader.php(571): include()
#1 /var/www/html/sci-bono-aifluency/api/vendor/composer/ClassLoader.php(428): Composer\Autoload\includeFile()
#2 /var/www/html/sci-bono-aifluency/api/controllers/NotesController.php(17): Composer\Autoload\ClassLoader->loadClass()
#3 /var/www/html/sci-bono-aifluency/api/routes/api.php(1006): App\Controllers\NotesController->__construct()
#4 /var/www/html/sci-bono-aifluency/api/index.php(146): require_once('...')
#5 {main}
[2026-02-09 10:57:41] ERROR: Class "BaseModel" not found in /var/www/html/sci-bono-aifluency/api/models/Bookmark.php:7
Trace: #0 /var/www/html/sci-bono-aifluency/api/vendor/composer/ClassLoader.php(571): include()
#1 /var/www/html/sci-bono-aifluency/api/vendor/composer/ClassLoader.php(428): Composer\Autoload\includeFile()
#2 /var/www/html/sci-bono-aifluency/api/controllers/BookmarksController.php(17): Composer\Autoload\ClassLoader->loadClass()
#3 /var/www/html/sci-bono-aifluency/api/routes/api.php(1006): App\Controllers\BookmarksController->__construct()
#4 /var/www/html/sci-bono-aifluency/api/index.php(146): require_once('...')
#5 {main}
[2026-02-09 16:08:43] ERROR: SQLSTATE[42S22]: Column not found: 1054 Unknown column 'qa.completed_at' in 'order clause' in /var/www/html/sci-bono-aifluency/api/controllers/QuizController.php:595
Trace: #0 /var/www/html/sci-bono-aifluency/api/controllers/QuizController.php(595): PDO->prepare()
#1 /var/www/html/sci-bono-aifluency/api/routes/api.php(1014): App\Controllers\QuizController->getRecentAttempts()
#2 /var/www/html/sci-bono-aifluency/api/index.php(146): require_once('...')
#3 {main}
[2026-02-09 16:08:43] ERROR: SQLSTATE[42S02]: Base table or view not found: 1146 Table 'ai_fluency_lms.lesson_completions' doesn't exist in /var/www/html/sci-bono-aifluency/api/controllers/UserController.php:695
Trace: #0 /var/www/html/sci-bono-aifluency/api/controllers/UserController.php(695): PDO->prepare()
#1 /var/www/html/sci-bono-aifluency/api/routes/api.php(1014): App\Controllers\UserController->getMyStats()
#2 /var/www/html/sci-bono-aifluency/api/index.php(146): require_once('...')
#3 {main}
[2026-02-09 16:09:35] ERROR: Class "BaseModel" not found in /var/www/html/sci-bono-aifluency/api/models/StudentNote.php:7
Trace: #0 /var/www/html/sci-bono-aifluency/api/vendor/composer/ClassLoader.php(571): include()
#1 /var/www/html/sci-bono-aifluency/api/vendor/composer/ClassLoader.php(428): Composer\Autoload\includeFile()
#2 /var/www/html/sci-bono-aifluency/api/controllers/NotesController.php(17): Composer\Autoload\ClassLoader->loadClass()
#3 /var/www/html/sci-bono-aifluency/api/routes/api.php(1006): App\Controllers\NotesController->__construct()
#4 /var/www/html/sci-bono-aifluency/api/index.php(146): require_once('...')
#5 {main}
[2026-02-09 16:09:35] ERROR: Class "BaseModel" not found in /var/www/html/sci-bono-aifluency/api/models/Bookmark.php:7
Trace: #0 /var/www/html/sci-bono-aifluency/api/vendor/composer/ClassLoader.php(571): include()
#1 /var/www/html/sci-bono-aifluency/api/vendor/composer/ClassLoader.php(428): Composer\Autoload\includeFile()
#2 /var/www/html/sci-bono-aifluency/api/controllers/BookmarksController.php(17): Composer\Autoload\ClassLoader->loadClass()
#3 /var/www/html/sci-bono-aifluency/api/routes/api.php(1006): App\Controllers\BookmarksController->__construct()
#4 /var/www/html/sci-bono-aifluency/api/index.php(146): require_once('...')
#5 {main}
[2026-02-09 16:09:40] ERROR: Class "BaseModel" not found in /var/www/html/sci-bono-aifluency/api/models/StudentNote.php:7
Trace: #0 /var/www/html/sci-bono-aifluency/api/vendor/composer/ClassLoader.php(571): include()
#1 /var/www/html/sci-bono-aifluency/api/vendor/composer/ClassLoader.php(428): Composer\Autoload\includeFile()
#2 /var/www/html/sci-bono-aifluency/api/controllers/NotesController.php(17): Composer\Autoload\ClassLoader->loadClass()
#3 /var/www/html/sci-bono-aifluency/api/routes/api.php(1006): App\Controllers\NotesController->__construct()
#4 /var/www/html/sci-bono-aifluency/api/index.php(146): require_once('...')
#5 {main}
[2026-02-09 16:09:40] ERROR: Class "BaseModel" not found in /var/www/html/sci-bono-aifluency/api/models/Bookmark.php:7
Trace: #0 /var/www/html/sci-bono-aifluency/api/vendor/composer/ClassLoader.php(571): include()
#1 /var/www/html/sci-bono-aifluency/api/vendor/composer/ClassLoader.php(428): Composer\Autoload\includeFile()
#2 /var/www/html/sci-bono-aifluency/api/controllers/BookmarksController.php(17): Composer\Autoload\ClassLoader->loadClass()
#3 /var/www/html/sci-bono-aifluency/api/routes/api.php(1006): App\Controllers\BookmarksController->__construct()
#4 /var/www/html/sci-bono-aifluency/api/index.php(146): require_once('...')
#5 {main}
[2026-02-09 16:09:45] ERROR: Class "BaseModel" not found in /var/www/html/sci-bono-aifluency/api/models/StudentNote.php:7
Trace: #0 /var/www/html/sci-bono-aifluency/api/vendor/composer/ClassLoader.php(571): include()
#1 /var/www/html/sci-bono-aifluency/api/vendor/composer/ClassLoader.php(428): Composer\Autoload\includeFile()
#2 /var/www/html/sci-bono-aifluency/api/controllers/NotesController.php(17): Composer\Autoload\ClassLoader->loadClass()
#3 /var/www/html/sci-bono-aifluency/api/routes/api.php(1006): App\Controllers\NotesController->__construct()
#4 /var/www/html/sci-bono-aifluency/api/index.php(146): require_once('...')
#5 {main}
[2026-02-09 16:09:45] ERROR: Class "BaseModel" not found in /var/www/html/sci-bono-aifluency/api/models/Bookmark.php:7
Trace: #0 /var/www/html/sci-bono-aifluency/api/vendor/composer/ClassLoader.php(571): include()
#1 /var/www/html/sci-bono-aifluency/api/vendor/composer/ClassLoader.php(428): Composer\Autoload\includeFile()
#2 /var/www/html/sci-bono-aifluency/api/controllers/BookmarksController.php(17): Composer\Autoload\ClassLoader->loadClass()
#3 /var/www/html/sci-bono-aifluency/api/routes/api.php(1006): App\Controllers\BookmarksController->__construct()
#4 /var/www/html/sci-bono-aifluency/api/index.php(146): require_once('...')
#5 {main}
[2026-02-09 16:09:49] ERROR: Class "BaseModel" not found in /var/www/html/sci-bono-aifluency/api/models/StudentNote.php:7
Trace: #0 /var/www/html/sci-bono-aifluency/api/vendor/composer/ClassLoader.php(571): include()
#1 /var/www/html/sci-bono-aifluency/api/vendor/composer/ClassLoader.php(428): Composer\Autoload\includeFile()
#2 /var/www/html/sci-bono-aifluency/api/controllers/NotesController.php(17): Composer\Autoload\ClassLoader->loadClass()
#3 /var/www/html/sci-bono-aifluency/api/routes/api.php(1006): App\Controllers\NotesController->__construct()
#4 /var/www/html/sci-bono-aifluency/api/index.php(146): require_once('...')
#5 {main}
[2026-02-09 16:09:49] ERROR: Class "BaseModel" not found in /var/www/html/sci-bono-aifluency/api/models/Bookmark.php:7
Trace: #0 /var/www/html/sci-bono-aifluency/api/vendor/composer/ClassLoader.php(571): include()
#1 /var/www/html/sci-bono-aifluency/api/vendor/composer/ClassLoader.php(428): Composer\Autoload\includeFile()
#2 /var/www/html/sci-bono-aifluency/api/controllers/BookmarksController.php(17): Composer\Autoload\ClassLoader->loadClass()
#3 /var/www/html/sci-bono-aifluency/api/routes/api.php(1006): App\Controllers\BookmarksController->__construct()
#4 /var/www/html/sci-bono-aifluency/api/index.php(146): require_once('...')
#5 {main}
[2026-02-09 16:09:53] ERROR: Class "BaseModel" not found in /var/www/html/sci-bono-aifluency/api/models/StudentNote.php:7
Trace: #0 /var/www/html/sci-bono-aifluency/api/vendor/composer/ClassLoader.php(571): include()
#1 /var/www/html/sci-bono-aifluency/api/vendor/composer/ClassLoader.php(428): Composer\Autoload\includeFile()
#2 /var/www/html/sci-bono-aifluency/api/controllers/NotesController.php(17): Composer\Autoload\ClassLoader->loadClass()
#3 /var/www/html/sci-bono-aifluency/api/routes/api.php(1006): App\Controllers\NotesController->__construct()
#4 /var/www/html/sci-bono-aifluency/api/index.php(146): require_once('...')
#5 {main}
[2026-02-09 16:09:53] ERROR: Class "BaseModel" not found in /var/www/html/sci-bono-aifluency/api/models/Bookmark.php:7
Trace: #0 /var/www/html/sci-bono-aifluency/api/vendor/composer/ClassLoader.php(571): include()
#1 /var/www/html/sci-bono-aifluency/api/vendor/composer/ClassLoader.php(428): Composer\Autoload\includeFile()
#2 /var/www/html/sci-bono-aifluency/api/controllers/BookmarksController.php(17): Composer\Autoload\ClassLoader->loadClass()
#3 /var/www/html/sci-bono-aifluency/api/routes/api.php(1006): App\Controllers\BookmarksController->__construct()
#4 /var/www/html/sci-bono-aifluency/api/index.php(146): require_once('...')
#5 {main}
[2026-02-09 16:09:56] ERROR: Class "BaseModel" not found in /var/www/html/sci-bono-aifluency/api/models/StudentNote.php:7
Trace: #0 /var/www/html/sci-bono-aifluency/api/vendor/composer/ClassLoader.php(571): include()
#1 /var/www/html/sci-bono-aifluency/api/vendor/composer/ClassLoader.php(428): Composer\Autoload\includeFile()
#2 /var/www/html/sci-bono-aifluency/api/controllers/NotesController.php(17): Composer\Autoload\ClassLoader->loadClass()
#3 /var/www/html/sci-bono-aifluency/api/routes/api.php(1006): App\Controllers\NotesController->__construct()
#4 /var/www/html/sci-bono-aifluency/api/index.php(146): require_once('...')
#5 {main}
[2026-02-09 16:09:56] ERROR: Class "BaseModel" not found in /var/www/html/sci-bono-aifluency/api/models/Bookmark.php:7
Trace: #0 /var/www/html/sci-bono-aifluency/api/vendor/composer/ClassLoader.php(571): include()
#1 /var/www/html/sci-bono-aifluency/api/vendor/composer/ClassLoader.php(428): Composer\Autoload\includeFile()
#2 /var/www/html/sci-bono-aifluency/api/controllers/BookmarksController.php(17): Composer\Autoload\ClassLoader->loadClass()
#3 /var/www/html/sci-bono-aifluency/api/routes/api.php(1006): App\Controllers\BookmarksController->__construct()
#4 /var/www/html/sci-bono-aifluency/api/index.php(146): require_once('...')
#5 {main}
[2026-02-09 16:09:59] ERROR: Class "BaseModel" not found in /var/www/html/sci-bono-aifluency/api/models/StudentNote.php:7
Trace: #0 /var/www/html/sci-bono-aifluency/api/vendor/composer/ClassLoader.php(571): include()
#1 /var/www/html/sci-bono-aifluency/api/vendor/composer/ClassLoader.php(428): Composer\Autoload\includeFile()
#2 /var/www/html/sci-bono-aifluency/api/controllers/NotesController.php(17): Composer\Autoload\ClassLoader->loadClass()
#3 /var/www/html/sci-bono-aifluency/api/routes/api.php(1006): App\Controllers\NotesController->__construct()
#4 /var/www/html/sci-bono-aifluency/api/index.php(146): require_once('...')
#5 {main}
[2026-02-09 16:09:59] ERROR: Class "BaseModel" not found in /var/www/html/sci-bono-aifluency/api/models/Bookmark.php:7
Trace: #0 /var/www/html/sci-bono-aifluency/api/vendor/composer/ClassLoader.php(571): include()
#1 /var/www/html/sci-bono-aifluency/api/vendor/composer/ClassLoader.php(428): Composer\Autoload\includeFile()
#2 /var/www/html/sci-bono-aifluency/api/controllers/BookmarksController.php(17): Composer\Autoload\ClassLoader->loadClass()
#3 /var/www/html/sci-bono-aifluency/api/routes/api.php(1006): App\Controllers\BookmarksController->__construct()
#4 /var/www/html/sci-bono-aifluency/api/index.php(146): require_once('...')
#5 {main}
[2026-02-09 16:10:02] ERROR: Class "BaseModel" not found in /var/www/html/sci-bono-aifluency/api/models/StudentNote.php:7
Trace: #0 /var/www/html/sci-bono-aifluency/api/vendor/composer/ClassLoader.php(571): include()
#1 /var/www/html/sci-bono-aifluency/api/vendor/composer/ClassLoader.php(428): Composer\Autoload\includeFile()
#2 /var/www/html/sci-bono-aifluency/api/controllers/NotesController.php(17): Composer\Autoload\ClassLoader->loadClass()
#3 /var/www/html/sci-bono-aifluency/api/routes/api.php(1006): App\Controllers\NotesController->__construct()
#4 /var/www/html/sci-bono-aifluency/api/index.php(146): require_once('...')
#5 {main}
[2026-02-09 16:10:02] ERROR: Class "BaseModel" not found in /var/www/html/sci-bono-aifluency/api/models/Bookmark.php:7
Trace: #0 /var/www/html/sci-bono-aifluency/api/vendor/composer/ClassLoader.php(571): include()
#1 /var/www/html/sci-bono-aifluency/api/vendor/composer/ClassLoader.php(428): Composer\Autoload\includeFile()
#2 /var/www/html/sci-bono-aifluency/api/controllers/BookmarksController.php(17): Composer\Autoload\ClassLoader->loadClass()
#3 /var/www/html/sci-bono-aifluency/api/routes/api.php(1006): App\Controllers\BookmarksController->__construct()
#4 /var/www/html/sci-bono-aifluency/api/index.php(146): require_once('...')
#5 {main}
[2026-02-09 16:10:05] ERROR: Class "BaseModel" not found in /var/www/html/sci-bono-aifluency/api/models/StudentNote.php:7
Trace: #0 /var/www/html/sci-bono-aifluency/api/vendor/composer/ClassLoader.php(571): include()
#1 /var/www/html/sci-bono-aifluency/api/vendor/composer/ClassLoader.php(428): Composer\Autoload\includeFile()
#2 /var/www/html/sci-bono-aifluency/api/controllers/NotesController.php(17): Composer\Autoload\ClassLoader->loadClass()
#3 /var/www/html/sci-bono-aifluency/api/routes/api.php(1006): App\Controllers\NotesController->__construct()
#4 /var/www/html/sci-bono-aifluency/api/index.php(146): require_once('...')
#5 {main}
[2026-02-09 16:10:05] ERROR: Class "BaseModel" not found in /var/www/html/sci-bono-aifluency/api/models/Bookmark.php:7
Trace: #0 /var/www/html/sci-bono-aifluency/api/vendor/composer/ClassLoader.php(571): include()
#1 /var/www/html/sci-bono-aifluency/api/vendor/composer/ClassLoader.php(428): Composer\Autoload\includeFile()
#2 /var/www/html/sci-bono-aifluency/api/controllers/BookmarksController.php(17): Composer\Autoload\ClassLoader->loadClass()
#3 /var/www/html/sci-bono-aifluency/api/routes/api.php(1006): App\Controllers\BookmarksController->__construct()
#4 /var/www/html/sci-bono-aifluency/api/index.php(146): require_once('...')
#5 {main}
[2026-02-09 16:10:08] ERROR: Class "BaseModel" not found in /var/www/html/sci-bono-aifluency/api/models/StudentNote.php:7
Trace: #0 /var/www/html/sci-bono-aifluency/api/vendor/composer/ClassLoader.php(571): include()
#1 /var/www/html/sci-bono-aifluency/api/vendor/composer/ClassLoader.php(428): Composer\Autoload\includeFile()
#2 /var/www/html/sci-bono-aifluency/api/controllers/NotesController.php(17): Composer\Autoload\ClassLoader->loadClass()
#3 /var/www/html/sci-bono-aifluency/api/routes/api.php(1006): App\Controllers\NotesController->__construct()
#4 /var/www/html/sci-bono-aifluency/api/index.php(146): require_once('...')
#5 {main}
[2026-02-09 16:10:08] ERROR: Class "BaseModel" not found in /var/www/html/sci-bono-aifluency/api/models/Bookmark.php:7
Trace: #0 /var/www/html/sci-bono-aifluency/api/vendor/composer/ClassLoader.php(571): include()
#1 /var/www/html/sci-bono-aifluency/api/vendor/composer/ClassLoader.php(428): Composer\Autoload\includeFile()
#2 /var/www/html/sci-bono-aifluency/api/controllers/BookmarksController.php(17): Composer\Autoload\ClassLoader->loadClass()
#3 /var/www/html/sci-bono-aifluency/api/routes/api.php(1006): App\Controllers\BookmarksController->__construct()
#4 /var/www/html/sci-bono-aifluency/api/index.php(146): require_once('...')
#5 {main}
[2026-02-09 16:10:10] ERROR: Class "BaseModel" not found in /var/www/html/sci-bono-aifluency/api/models/StudentNote.php:7
Trace: #0 /var/www/html/sci-bono-aifluency/api/vendor/composer/ClassLoader.php(571): include()
#1 /var/www/html/sci-bono-aifluency/api/vendor/composer/ClassLoader.php(428): Composer\Autoload\includeFile()
#2 /var/www/html/sci-bono-aifluency/api/controllers/NotesController.php(17): Composer\Autoload\ClassLoader->loadClass()
#3 /var/www/html/sci-bono-aifluency/api/routes/api.php(1006): App\Controllers\NotesController->__construct()
#4 /var/www/html/sci-bono-aifluency/api/index.php(146): require_once('...')
#5 {main}
[2026-02-09 16:10:10] ERROR: Class "BaseModel" not found in /var/www/html/sci-bono-aifluency/api/models/Bookmark.php:7
Trace: #0 /var/www/html/sci-bono-aifluency/api/vendor/composer/ClassLoader.php(571): include()
#1 /var/www/html/sci-bono-aifluency/api/vendor/composer/ClassLoader.php(428): Composer\Autoload\includeFile()
#2 /var/www/html/sci-bono-aifluency/api/controllers/BookmarksController.php(17): Composer\Autoload\ClassLoader->loadClass()
#3 /var/www/html/sci-bono-aifluency/api/routes/api.php(1006): App\Controllers\BookmarksController->__construct()
#4 /var/www/html/sci-bono-aifluency/api/index.php(146): require_once('...')
#5 {main}
[2026-02-09 16:10:54] ERROR: Class "BaseModel" not found in /var/www/html/sci-bono-aifluency/api/models/Bookmark.php:7
Trace: #0 /var/www/html/sci-bono-aifluency/api/vendor/composer/ClassLoader.php(571): include()
#1 /var/www/html/sci-bono-aifluency/api/vendor/composer/ClassLoader.php(428): Composer\Autoload\includeFile()
#2 /var/www/html/sci-bono-aifluency/api/controllers/BookmarksController.php(17): Composer\Autoload\ClassLoader->loadClass()
#3 /var/www/html/sci-bono-aifluency/api/routes/api.php(1006): App\Controllers\BookmarksController->__construct()
#4 /var/www/html/sci-bono-aifluency/api/index.php(146): require_once('...')
#5 {main}
[2026-02-09 16:10:54] ERROR: Class "BaseModel" not found in /var/www/html/sci-bono-aifluency/api/models/StudentNote.php:7
Trace: #0 /var/www/html/sci-bono-aifluency/api/vendor/composer/ClassLoader.php(571): include()
#1 /var/www/html/sci-bono-aifluency/api/vendor/composer/ClassLoader.php(428): Composer\Autoload\includeFile()
#2 /var/www/html/sci-bono-aifluency/api/controllers/NotesController.php(17): Composer\Autoload\ClassLoader->loadClass()
#3 /var/www/html/sci-bono-aifluency/api/routes/api.php(1006): App\Controllers\NotesController->__construct()
#4 /var/www/html/sci-bono-aifluency/api/index.php(146): require_once('...')
#5 {main}
[2026-02-09 16:11:01] ERROR: Class "BaseModel" not found in /var/www/html/sci-bono-aifluency/api/models/StudentNote.php:7
Trace: #0 /var/www/html/sci-bono-aifluency/api/vendor/composer/ClassLoader.php(571): include()
#1 /var/www/html/sci-bono-aifluency/api/vendor/composer/ClassLoader.php(428): Composer\Autoload\includeFile()
#2 /var/www/html/sci-bono-aifluency/api/controllers/NotesController.php(17): Composer\Autoload\ClassLoader->loadClass()
#3 /var/www/html/sci-bono-aifluency/api/routes/api.php(1006): App\Controllers\NotesController->__construct()
#4 /var/www/html/sci-bono-aifluency/api/index.php(146): require_once('...')
#5 {main}
[2026-02-09 16:11:01] ERROR: Class "BaseModel" not found in /var/www/html/sci-bono-aifluency/api/models/Bookmark.php:7
Trace: #0 /var/www/html/sci-bono-aifluency/api/vendor/composer/ClassLoader.php(571): include()
#1 /var/www/html/sci-bono-aifluency/api/vendor/composer/ClassLoader.php(428): Composer\Autoload\includeFile()
#2 /var/www/html/sci-bono-aifluency/api/controllers/BookmarksController.php(17): Composer\Autoload\ClassLoader->loadClass()
#3 /var/www/html/sci-bono-aifluency/api/routes/api.php(1006): App\Controllers\BookmarksController->__construct()
#4 /var/www/html/sci-bono-aifluency/api/index.php(146): require_once('...')
#5 {main}
[2026-02-09 16:11:09] ERROR: Class "BaseModel" not found in /var/www/html/sci-bono-aifluency/api/models/StudentNote.php:7
Trace: #0 /var/www/html/sci-bono-aifluency/api/vendor/composer/ClassLoader.php(571): include()
#1 /var/www/html/sci-bono-aifluency/api/vendor/composer/ClassLoader.php(428): Composer\Autoload\includeFile()
#2 /var/www/html/sci-bono-aifluency/api/controllers/NotesController.php(17): Composer\Autoload\ClassLoader->loadClass()
#3 /var/www/html/sci-bono-aifluency/api/routes/api.php(1006): App\Controllers\NotesController->__construct()
#4 /var/www/html/sci-bono-aifluency/api/index.php(146): require_once('...')
#5 {main}
[2026-02-09 16:11:09] ERROR: Class "BaseModel" not found in /var/www/html/sci-bono-aifluency/api/models/Bookmark.php:7
Trace: #0 /var/www/html/sci-bono-aifluency/api/vendor/composer/ClassLoader.php(571): include()
#1 /var/www/html/sci-bono-aifluency/api/vendor/composer/ClassLoader.php(428): Composer\Autoload\includeFile()
#2 /var/www/html/sci-bono-aifluency/api/controllers/BookmarksController.php(17): Composer\Autoload\ClassLoader->loadClass()
#3 /var/www/html/sci-bono-aifluency/api/routes/api.php(1006): App\Controllers\BookmarksController->__construct()
#4 /var/www/html/sci-bono-aifluency/api/index.php(146): require_once('...')
#5 {main}
[2026-02-09 21:06:53] ERROR: SQLSTATE[42S22]: Column not found: 1054 Unknown column 'qa.completed_at' in 'order clause' in /var/www/html/sci-bono-aifluency/api/controllers/QuizController.php:595
Trace: #0 /var/www/html/sci-bono-aifluency/api/controllers/QuizController.php(595): PDO->prepare()
#1 /var/www/html/sci-bono-aifluency/api/routes/api.php(1014): App\Controllers\QuizController->getRecentAttempts()
#2 /var/www/html/sci-bono-aifluency/api/index.php(146): require_once('...')
#3 {main}
[2026-02-09 21:06:53] ERROR: SQLSTATE[42S02]: Base table or view not found: 1146 Table 'ai_fluency_lms.lesson_completions' doesn't exist in /var/www/html/sci-bono-aifluency/api/controllers/UserController.php:695
Trace: #0 /var/www/html/sci-bono-aifluency/api/controllers/UserController.php(695): PDO->prepare()
#1 /var/www/html/sci-bono-aifluency/api/routes/api.php(1014): App\Controllers\UserController->getMyStats()
#2 /var/www/html/sci-bono-aifluency/api/index.php(146): require_once('...')
#3 {main}
[2026-02-09 21:10:56] ERROR: SQLSTATE[42S22]: Column not found: 1054 Unknown column 'qa.completed_at' in 'order clause' in /var/www/html/sci-bono-aifluency/api/controllers/QuizController.php:595
Trace: #0 /var/www/html/sci-bono-aifluency/api/controllers/QuizController.php(595): PDO->prepare()
#1 /var/www/html/sci-bono-aifluency/api/routes/api.php(1014): App\Controllers\QuizController->getRecentAttempts()
#2 /var/www/html/sci-bono-aifluency/api/index.php(146): require_once('...')
#3 {main}
[2026-02-09 21:10:56] ERROR: SQLSTATE[42S02]: Base table or view not found: 1146 Table 'ai_fluency_lms.lesson_completions' doesn't exist in /var/www/html/sci-bono-aifluency/api/controllers/UserController.php:695
Trace: #0 /var/www/html/sci-bono-aifluency/api/controllers/UserController.php(695): PDO->prepare()
#1 /var/www/html/sci-bono-aifluency/api/routes/api.php(1014): App\Controllers\UserController->getMyStats()
#2 /var/www/html/sci-bono-aifluency/api/index.php(146): require_once('...')
#3 {main}
[2026-02-09 21:11:02] ERROR: SQLSTATE[42S02]: Base table or view not found: 1146 Table 'ai_fluency_lms.lesson_completions' doesn't exist in /var/www/html/sci-bono-aifluency/api/controllers/UserController.php:695
Trace: #0 /var/www/html/sci-bono-aifluency/api/controllers/UserController.php(695): PDO->prepare()
#1 /var/www/html/sci-bono-aifluency/api/routes/api.php(1014): App\Controllers\UserController->getMyStats()
#2 /var/www/html/sci-bono-aifluency/api/index.php(146): require_once('...')
#3 {main}
[2026-02-09 21:11:02] ERROR: SQLSTATE[42S22]: Column not found: 1054 Unknown column 'qa.completed_at' in 'order clause' in /var/www/html/sci-bono-aifluency/api/controllers/QuizController.php:595
Trace: #0 /var/www/html/sci-bono-aifluency/api/controllers/QuizController.php(595): PDO->prepare()
#1 /var/www/html/sci-bono-aifluency/api/routes/api.php(1014): App\Controllers\QuizController->getRecentAttempts()
#2 /var/www/html/sci-bono-aifluency/api/index.php(146): require_once('...')
#3 {main}
[2026-02-09 21:11:12] ERROR: SQLSTATE[42S22]: Column not found: 1054 Unknown column 'qa.completed_at' in 'order clause' in /var/www/html/sci-bono-aifluency/api/controllers/QuizController.php:595
Trace: #0 /var/www/html/sci-bono-aifluency/api/controllers/QuizController.php(595): PDO->prepare()
#1 /var/www/html/sci-bono-aifluency/api/routes/api.php(1014): App\Controllers\QuizController->getRecentAttempts()
#2 /var/www/html/sci-bono-aifluency/api/index.php(146): require_once('...')
#3 {main}
[2026-02-09 21:11:12] ERROR: SQLSTATE[42S02]: Base table or view not found: 1146 Table 'ai_fluency_lms.lesson_completions' doesn't exist in /var/www/html/sci-bono-aifluency/api/controllers/UserController.php:695
Trace: #0 /var/www/html/sci-bono-aifluency/api/controllers/UserController.php(695): PDO->prepare()
#1 /var/www/html/sci-bono-aifluency/api/routes/api.php(1014): App\Controllers\UserController->getMyStats()
#2 /var/www/html/sci-bono-aifluency/api/index.php(146): require_once('...')
#3 {main}
[2026-02-09 21:11:48] ERROR: SQLSTATE[42S22]: Column not found: 1054 Unknown column 'qa.completed_at' in 'order clause' in /var/www/html/sci-bono-aifluency/api/controllers/QuizController.php:595
Trace: #0 /var/www/html/sci-bono-aifluency/api/controllers/QuizController.php(595): PDO->prepare()
#1 /var/www/html/sci-bono-aifluency/api/routes/api.php(1014): App\Controllers\QuizController->getRecentAttempts()
#2 /var/www/html/sci-bono-aifluency/api/index.php(146): require_once('...')
#3 {main}
[2026-02-09 21:11:48] ERROR: SQLSTATE[42S02]: Base table or view not found: 1146 Table 'ai_fluency_lms.lesson_completions' doesn't exist in /var/www/html/sci-bono-aifluency/api/controllers/UserController.php:695
Trace: #0 /var/www/html/sci-bono-aifluency/api/controllers/UserController.php(695): PDO->prepare()
#1 /var/www/html/sci-bono-aifluency/api/routes/api.php(1014): App\Controllers\UserController->getMyStats()
#2 /var/www/html/sci-bono-aifluency/api/index.php(146): require_once('...')
#3 {main}
[2026-02-10 05:47:01] ERROR: SQLSTATE[42S22]: Column not found: 1054 Unknown column 'qa.completed_at' in 'order clause' in /var/www/html/sci-bono-aifluency/api/controllers/QuizController.php:595
Trace: #0 /var/www/html/sci-bono-aifluency/api/controllers/QuizController.php(595): PDO->prepare()
#1 /var/www/html/sci-bono-aifluency/api/routes/api.php(1014): App\Controllers\QuizController->getRecentAttempts()
#2 /var/www/html/sci-bono-aifluency/api/index.php(146): require_once('...')
#3 {main}
[2026-02-10 05:47:01] ERROR: SQLSTATE[42S02]: Base table or view not found: 1146 Table 'ai_fluency_lms.lesson_completions' doesn't exist in /var/www/html/sci-bono-aifluency/api/controllers/UserController.php:695
Trace: #0 /var/www/html/sci-bono-aifluency/api/controllers/UserController.php(695): PDO->prepare()
#1 /var/www/html/sci-bono-aifluency/api/routes/api.php(1014): App\Controllers\UserController->getMyStats()
#2 /var/www/html/sci-bono-aifluency/api/index.php(146): require_once('...')
#3 {main}
[2026-02-10 05:47:26] ERROR: Class "BaseModel" not found in /var/www/html/sci-bono-aifluency/api/models/StudentNote.php:7
Trace: #0 /var/www/html/sci-bono-aifluency/api/vendor/composer/ClassLoader.php(571): include()
#1 /var/www/html/sci-bono-aifluency/api/vendor/composer/ClassLoader.php(428): Composer\Autoload\includeFile()
#2 /var/www/html/sci-bono-aifluency/api/controllers/NotesController.php(17): Composer\Autoload\ClassLoader->loadClass()
#3 /var/www/html/sci-bono-aifluency/api/routes/api.php(1006): App\Controllers\NotesController->__construct()
#4 /var/www/html/sci-bono-aifluency/api/index.php(146): require_once('...')
#5 {main}
[2026-02-10 05:47:26] ERROR: Class "BaseModel" not found in /var/www/html/sci-bono-aifluency/api/models/Bookmark.php:7
Trace: #0 /var/www/html/sci-bono-aifluency/api/vendor/composer/ClassLoader.php(571): include()
#1 /var/www/html/sci-bono-aifluency/api/vendor/composer/ClassLoader.php(428): Composer\Autoload\includeFile()
#2 /var/www/html/sci-bono-aifluency/api/controllers/BookmarksController.php(17): Composer\Autoload\ClassLoader->loadClass()
#3 /var/www/html/sci-bono-aifluency/api/routes/api.php(1006): App\Controllers\BookmarksController->__construct()
#4 /var/www/html/sci-bono-aifluency/api/index.php(146): require_once('...')
#5 {main}
[2026-02-10 05:47:35] ERROR: Class "BaseModel" not found in /var/www/html/sci-bono-aifluency/api/models/StudentNote.php:7
Trace: #0 /var/www/html/sci-bono-aifluency/api/vendor/composer/ClassLoader.php(571): include()
#1 /var/www/html/sci-bono-aifluency/api/vendor/composer/ClassLoader.php(428): Composer\Autoload\includeFile()
#2 /var/www/html/sci-bono-aifluency/api/controllers/NotesController.php(17): Composer\Autoload\ClassLoader->loadClass()
#3 /var/www/html/sci-bono-aifluency/api/routes/api.php(1006): App\Controllers\NotesController->__construct()
#4 /var/www/html/sci-bono-aifluency/api/index.php(146): require_once('...')
#5 {main}
[2026-02-10 05:47:35] ERROR: Class "BaseModel" not found in /var/www/html/sci-bono-aifluency/api/models/Bookmark.php:7
Trace: #0 /var/www/html/sci-bono-aifluency/api/vendor/composer/ClassLoader.php(571): include()
#1 /var/www/html/sci-bono-aifluency/api/vendor/composer/ClassLoader.php(428): Composer\Autoload\includeFile()
#2 /var/www/html/sci-bono-aifluency/api/controllers/BookmarksController.php(17): Composer\Autoload\ClassLoader->loadClass()
#3 /var/www/html/sci-bono-aifluency/api/routes/api.php(1006): App\Controllers\BookmarksController->__construct()
#4 /var/www/html/sci-bono-aifluency/api/index.php(146): require_once('...')
#5 {main}
[2026-02-11 10:11:13] ERROR: SQLSTATE[42S02]: Base table or view not found: 1146 Table 'ai_fluency_lms.lesson_completions' doesn't exist in /var/www/html/sci-bono-aifluency/api/controllers/UserController.php:695
Trace: #0 /var/www/html/sci-bono-aifluency/api/controllers/UserController.php(695): PDO->prepare()
#1 /var/www/html/sci-bono-aifluency/api/routes/api.php(1014): App\Controllers\UserController->getMyStats()
#2 /var/www/html/sci-bono-aifluency/api/index.php(146): require_once('...')
#3 {main}
[2026-02-11 10:11:13] ERROR: SQLSTATE[42S22]: Column not found: 1054 Unknown column 'qa.completed_at' in 'order clause' in /var/www/html/sci-bono-aifluency/api/controllers/QuizController.php:595
Trace: #0 /var/www/html/sci-bono-aifluency/api/controllers/QuizController.php(595): PDO->prepare()
#1 /var/www/html/sci-bono-aifluency/api/routes/api.php(1014): App\Controllers\QuizController->getRecentAttempts()
#2 /var/www/html/sci-bono-aifluency/api/index.php(146): require_once('...')
#3 {main}
[2026-02-11 10:11:33] ERROR: Class "BaseModel" not found in /var/www/html/sci-bono-aifluency/api/models/StudentNote.php:7
Trace: #0 /var/www/html/sci-bono-aifluency/api/vendor/composer/ClassLoader.php(571): include()
#1 /var/www/html/sci-bono-aifluency/api/vendor/composer/ClassLoader.php(428): Composer\Autoload\includeFile()
#2 /var/www/html/sci-bono-aifluency/api/controllers/NotesController.php(17): Composer\Autoload\ClassLoader->loadClass()
#3 /var/www/html/sci-bono-aifluency/api/routes/api.php(1006): App\Controllers\NotesController->__construct()
#4 /var/www/html/sci-bono-aifluency/api/index.php(146): require_once('...')
#5 {main}
[2026-02-11 10:11:33] ERROR: Class "BaseModel" not found in /var/www/html/sci-bono-aifluency/api/models/Bookmark.php:7
Trace: #0 /var/www/html/sci-bono-aifluency/api/vendor/composer/ClassLoader.php(571): include()
#1 /var/www/html/sci-bono-aifluency/api/vendor/composer/ClassLoader.php(428): Composer\Autoload\includeFile()
#2 /var/www/html/sci-bono-aifluency/api/controllers/BookmarksController.php(17): Composer\Autoload\ClassLoader->loadClass()
#3 /var/www/html/sci-bono-aifluency/api/routes/api.php(1006): App\Controllers\BookmarksController->__construct()
#4 /var/www/html/sci-bono-aifluency/api/index.php(146): require_once('...')
#5 {main}
[2026-02-11 10:11:41] ERROR: Class "BaseModel" not found in /var/www/html/sci-bono-aifluency/api/models/StudentNote.php:7
Trace: #0 /var/www/html/sci-bono-aifluency/api/vendor/composer/ClassLoader.php(571): include()
#1 /var/www/html/sci-bono-aifluency/api/vendor/composer/ClassLoader.php(428): Composer\Autoload\includeFile()
#2 /var/www/html/sci-bono-aifluency/api/controllers/NotesController.php(17): Composer\Autoload\ClassLoader->loadClass()
#3 /var/www/html/sci-bono-aifluency/api/routes/api.php(1006): App\Controllers\NotesController->__construct()
#4 /var/www/html/sci-bono-aifluency/api/index.php(146): require_once('...')
#5 {main}
[2026-02-11 10:11:41] ERROR: Class "BaseModel" not found in /var/www/html/sci-bono-aifluency/api/models/Bookmark.php:7
Trace: #0 /var/www/html/sci-bono-aifluency/api/vendor/composer/ClassLoader.php(571): include()
#1 /var/www/html/sci-bono-aifluency/api/vendor/composer/ClassLoader.php(428): Composer\Autoload\includeFile()
#2 /var/www/html/sci-bono-aifluency/api/controllers/BookmarksController.php(17): Composer\Autoload\ClassLoader->loadClass()
#3 /var/www/html/sci-bono-aifluency/api/routes/api.php(1006): App\Controllers\BookmarksController->__construct()
#4 /var/www/html/sci-bono-aifluency/api/index.php(146): require_once('...')
#5 {main}
[2026-02-11 10:11:49] ERROR: Class "BaseModel" not found in /var/www/html/sci-bono-aifluency/api/models/StudentNote.php:7
Trace: #0 /var/www/html/sci-bono-aifluency/api/vendor/composer/ClassLoader.php(571): include()
#1 /var/www/html/sci-bono-aifluency/api/vendor/composer/ClassLoader.php(428): Composer\Autoload\includeFile()
#2 /var/www/html/sci-bono-aifluency/api/controllers/NotesController.php(17): Composer\Autoload\ClassLoader->loadClass()
#3 /var/www/html/sci-bono-aifluency/api/routes/api.php(1006): App\Controllers\NotesController->__construct()
#4 /var/www/html/sci-bono-aifluency/api/index.php(146): require_once('...')
#5 {main}
[2026-02-11 10:11:49] ERROR: Class "BaseModel" not found in /var/www/html/sci-bono-aifluency/api/models/Bookmark.php:7
Trace: #0 /var/www/html/sci-bono-aifluency/api/vendor/composer/ClassLoader.php(571): include()
#1 /var/www/html/sci-bono-aifluency/api/vendor/composer/ClassLoader.php(428): Composer\Autoload\includeFile()
#2 /var/www/html/sci-bono-aifluency/api/controllers/BookmarksController.php(17): Composer\Autoload\ClassLoader->loadClass()
#3 /var/www/html/sci-bono-aifluency/api/routes/api.php(1006): App\Controllers\BookmarksController->__construct()
#4 /var/www/html/sci-bono-aifluency/api/index.php(146): require_once('...')
#5 {main}
[2026-02-11 10:12:10] ERROR: Class "BaseModel" not found in /var/www/html/sci-bono-aifluency/api/models/StudentNote.php:7
Trace: #0 /var/www/html/sci-bono-aifluency/api/vendor/composer/ClassLoader.php(571): include()
#1 /var/www/html/sci-bono-aifluency/api/vendor/composer/ClassLoader.php(428): Composer\Autoload\includeFile()
#2 /var/www/html/sci-bono-aifluency/api/controllers/NotesController.php(17): Composer\Autoload\ClassLoader->loadClass()
#3 /var/www/html/sci-bono-aifluency/api/routes/api.php(1006): App\Controllers\NotesController->__construct()
#4 /var/www/html/sci-bono-aifluency/api/index.php(146): require_once('...')
#5 {main}
[2026-02-11 10:12:10] ERROR: Class "BaseModel" not found in /var/www/html/sci-bono-aifluency/api/models/Bookmark.php:7
Trace: #0 /var/www/html/sci-bono-aifluency/api/vendor/composer/ClassLoader.php(571): include()
#1 /var/www/html/sci-bono-aifluency/api/vendor/composer/ClassLoader.php(428): Composer\Autoload\includeFile()
#2 /var/www/html/sci-bono-aifluency/api/controllers/BookmarksController.php(17): Composer\Autoload\ClassLoader->loadClass()
#3 /var/www/html/sci-bono-aifluency/api/routes/api.php(1006): App\Controllers\BookmarksController->__construct()
#4 /var/www/html/sci-bono-aifluency/api/index.php(146): require_once('...')
#5 {main}
[2026-02-11 10:17:44] ERROR: SQLSTATE[42S22]: Column not found: 1054 Unknown column 'qa.completed_at' in 'order clause' in /var/www/html/sci-bono-aifluency/api/controllers/QuizController.php:595
Trace: #0 /var/www/html/sci-bono-aifluency/api/controllers/QuizController.php(595): PDO->prepare()
#1 /var/www/html/sci-bono-aifluency/api/routes/api.php(1014): App\Controllers\QuizController->getRecentAttempts()
#2 /var/www/html/sci-bono-aifluency/api/index.php(146): require_once('...')
#3 {main}
[2026-02-11 10:17:44] ERROR: SQLSTATE[42S02]: Base table or view not found: 1146 Table 'ai_fluency_lms.lesson_completions' doesn't exist in /var/www/html/sci-bono-aifluency/api/controllers/UserController.php:695
Trace: #0 /var/www/html/sci-bono-aifluency/api/controllers/UserController.php(695): PDO->prepare()
#1 /var/www/html/sci-bono-aifluency/api/routes/api.php(1014): App\Controllers\UserController->getMyStats()
#2 /var/www/html/sci-bono-aifluency/api/index.php(146): require_once('...')
#3 {main}
[2026-02-11 10:23:56] ERROR: SQLSTATE[42S22]: Column not found: 1054 Unknown column 'qa.completed_at' in 'order clause' in /var/www/html/sci-bono-aifluency/api/controllers/QuizController.php:595
Trace: #0 /var/www/html/sci-bono-aifluency/api/controllers/QuizController.php(595): PDO->prepare()
#1 /var/www/html/sci-bono-aifluency/api/routes/api.php(1014): App\Controllers\QuizController->getRecentAttempts()
#2 /var/www/html/sci-bono-aifluency/api/index.php(146): require_once('...')
#3 {main}
[2026-02-11 10:23:56] ERROR: SQLSTATE[42S02]: Base table or view not found: 1146 Table 'ai_fluency_lms.lesson_completions' doesn't exist in /var/www/html/sci-bono-aifluency/api/controllers/UserController.php:695
Trace: #0 /var/www/html/sci-bono-aifluency/api/controllers/UserController.php(695): PDO->prepare()
#1 /var/www/html/sci-bono-aifluency/api/routes/api.php(1014): App\Controllers\UserController->getMyStats()
#2 /var/www/html/sci-bono-aifluency/api/index.php(146): require_once('...')
#3 {main}
[2026-02-11 10:25:10] ERROR: SQLSTATE[42S22]: Column not found: 1054 Unknown column 'qa.completed_at' in 'order clause' in /var/www/html/sci-bono-aifluency/api/controllers/QuizController.php:595
Trace: #0 /var/www/html/sci-bono-aifluency/api/controllers/QuizController.php(595): PDO->prepare()
#1 /var/www/html/sci-bono-aifluency/api/routes/api.php(1014): App\Controllers\QuizController->getRecentAttempts()
#2 /var/www/html/sci-bono-aifluency/api/index.php(146): require_once('...')
#3 {main}
[2026-02-11 10:25:10] ERROR: SQLSTATE[42S02]: Base table or view not found: 1146 Table 'ai_fluency_lms.lesson_completions' doesn't exist in /var/www/html/sci-bono-aifluency/api/controllers/UserController.php:695
Trace: #0 /var/www/html/sci-bono-aifluency/api/controllers/UserController.php(695): PDO->prepare()
#1 /var/www/html/sci-bono-aifluency/api/routes/api.php(1014): App\Controllers\UserController->getMyStats()
#2 /var/www/html/sci-bono-aifluency/api/index.php(146): require_once('...')
#3 {main}
[2026-02-11 10:28:42] ERROR: Class "BaseModel" not found in /var/www/html/sci-bono-aifluency/api/models/StudentNote.php:7
Trace: #0 /var/www/html/sci-bono-aifluency/api/vendor/composer/ClassLoader.php(571): include()
#1 /var/www/html/sci-bono-aifluency/api/vendor/composer/ClassLoader.php(428): Composer\Autoload\includeFile()
#2 /var/www/html/sci-bono-aifluency/api/controllers/NotesController.php(17): Composer\Autoload\ClassLoader->loadClass()
#3 /var/www/html/sci-bono-aifluency/api/routes/api.php(1006): App\Controllers\NotesController->__construct()
#4 /var/www/html/sci-bono-aifluency/api/index.php(146): require_once('...')
#5 {main}
[2026-02-11 10:28:42] ERROR: Class "BaseModel" not found in /var/www/html/sci-bono-aifluency/api/models/Bookmark.php:7
Trace: #0 /var/www/html/sci-bono-aifluency/api/vendor/composer/ClassLoader.php(571): include()
#1 /var/www/html/sci-bono-aifluency/api/vendor/composer/ClassLoader.php(428): Composer\Autoload\includeFile()
#2 /var/www/html/sci-bono-aifluency/api/controllers/BookmarksController.php(17): Composer\Autoload\ClassLoader->loadClass()
#3 /var/www/html/sci-bono-aifluency/api/routes/api.php(1006): App\Controllers\BookmarksController->__construct()
#4 /var/www/html/sci-bono-aifluency/api/index.php(146): require_once('...')
#5 {main}
[2026-02-11 10:30:21] ERROR: SQLSTATE[42S02]: Base table or view not found: 1146 Table 'ai_fluency_lms.lesson_completions' doesn't exist in /var/www/html/sci-bono-aifluency/api/controllers/UserController.php:695
Trace: #0 /var/www/html/sci-bono-aifluency/api/controllers/UserController.php(695): PDO->prepare()
#1 /var/www/html/sci-bono-aifluency/api/routes/api.php(1014): App\Controllers\UserController->getMyStats()
#2 /var/www/html/sci-bono-aifluency/api/index.php(146): require_once('...')
#3 {main}
[2026-02-11 10:30:21] ERROR: SQLSTATE[42S22]: Column not found: 1054 Unknown column 'qa.completed_at' in 'order clause' in /var/www/html/sci-bono-aifluency/api/controllers/QuizController.php:595
Trace: #0 /var/www/html/sci-bono-aifluency/api/controllers/QuizController.php(595): PDO->prepare()
#1 /var/www/html/sci-bono-aifluency/api/routes/api.php(1014): App\Controllers\QuizController->getRecentAttempts()
#2 /var/www/html/sci-bono-aifluency/api/index.php(146): require_once('...')
#3 {main}
[2026-02-11 10:34:51] ERROR: SQLSTATE[42S22]: Column not found: 1054 Unknown column 'qa.completed_at' in 'order clause' in /var/www/html/sci-bono-aifluency/api/controllers/QuizController.php:595
Trace: #0 /var/www/html/sci-bono-aifluency/api/controllers/QuizController.php(595): PDO->prepare()
#1 /var/www/html/sci-bono-aifluency/api/routes/api.php(1014): App\Controllers\QuizController->getRecentAttempts()
#2 /var/www/html/sci-bono-aifluency/api/index.php(146): require_once('...')
#3 {main}
[2026-02-11 10:34:51] ERROR: SQLSTATE[42S02]: Base table or view not found: 1146 Table 'ai_fluency_lms.lesson_completions' doesn't exist in /var/www/html/sci-bono-aifluency/api/controllers/UserController.php:695
Trace: #0 /var/www/html/sci-bono-aifluency/api/controllers/UserController.php(695): PDO->prepare()
#1 /var/www/html/sci-bono-aifluency/api/routes/api.php(1014): App\Controllers\UserController->getMyStats()
#2 /var/www/html/sci-bono-aifluency/api/index.php(146): require_once('...')
#3 {main}
[2026-02-11 10:35:13] ERROR: SQLSTATE[42S22]: Column not found: 1054 Unknown column 'qa.completed_at' in 'order clause' in /var/www/html/sci-bono-aifluency/api/controllers/QuizController.php:595
Trace: #0 /var/www/html/sci-bono-aifluency/api/controllers/QuizController.php(595): PDO->prepare()
#1 /var/www/html/sci-bono-aifluency/api/routes/api.php(1014): App\Controllers\QuizController->getRecentAttempts()
#2 /var/www/html/sci-bono-aifluency/api/index.php(146): require_once('...')
#3 {main}
[2026-02-11 10:35:13] ERROR: SQLSTATE[42S02]: Base table or view not found: 1146 Table 'ai_fluency_lms.lesson_completions' doesn't exist in /var/www/html/sci-bono-aifluency/api/controllers/UserController.php:695
Trace: #0 /var/www/html/sci-bono-aifluency/api/controllers/UserController.php(695): PDO->prepare()
#1 /var/www/html/sci-bono-aifluency/api/routes/api.php(1014): App\Controllers\UserController->getMyStats()
#2 /var/www/html/sci-bono-aifluency/api/index.php(146): require_once('...')
#3 {main}
[2026-02-12 11:42:23] ERROR: SQLSTATE[42S02]: Base table or view not found: 1146 Table 'ai_fluency_lms.lesson_completions' doesn't exist in /var/www/html/sci-bono-aifluency/api/controllers/UserController.php:695
Trace: #0 /var/www/html/sci-bono-aifluency/api/controllers/UserController.php(695): PDO->prepare()
#1 /var/www/html/sci-bono-aifluency/api/routes/api.php(1014): App\Controllers\UserController->getMyStats()
#2 /var/www/html/sci-bono-aifluency/api/index.php(146): require_once('...')
#3 {main}
[2026-02-12 11:42:23] ERROR: SQLSTATE[42S22]: Column not found: 1054 Unknown column 'qa.completed_at' in 'order clause' in /var/www/html/sci-bono-aifluency/api/controllers/QuizController.php:595
Trace: #0 /var/www/html/sci-bono-aifluency/api/controllers/QuizController.php(595): PDO->prepare()
#1 /var/www/html/sci-bono-aifluency/api/routes/api.php(1014): App\Controllers\QuizController->getRecentAttempts()
#2 /var/www/html/sci-bono-aifluency/api/index.php(146): require_once('...')
#3 {main}
[2026-02-12 11:43:14] ERROR: Class "BaseModel" not found in /var/www/html/sci-bono-aifluency/api/models/StudentNote.php:7
Trace: #0 /var/www/html/sci-bono-aifluency/api/vendor/composer/ClassLoader.php(571): include()
#1 /var/www/html/sci-bono-aifluency/api/vendor/composer/ClassLoader.php(428): Composer\Autoload\includeFile()
#2 /var/www/html/sci-bono-aifluency/api/controllers/NotesController.php(17): Composer\Autoload\ClassLoader->loadClass()
#3 /var/www/html/sci-bono-aifluency/api/routes/api.php(1006): App\Controllers\NotesController->__construct()
#4 /var/www/html/sci-bono-aifluency/api/index.php(146): require_once('...')
#5 {main}
[2026-02-12 11:43:14] ERROR: Class "BaseModel" not found in /var/www/html/sci-bono-aifluency/api/models/Bookmark.php:7
Trace: #0 /var/www/html/sci-bono-aifluency/api/vendor/composer/ClassLoader.php(571): include()
#1 /var/www/html/sci-bono-aifluency/api/vendor/composer/ClassLoader.php(428): Composer\Autoload\includeFile()
#2 /var/www/html/sci-bono-aifluency/api/controllers/BookmarksController.php(17): Composer\Autoload\ClassLoader->loadClass()
#3 /var/www/html/sci-bono-aifluency/api/routes/api.php(1006): App\Controllers\BookmarksController->__construct()
#4 /var/www/html/sci-bono-aifluency/api/index.php(146): require_once('...')
#5 {main}
[2026-02-12 11:43:26] ERROR: Class "BaseModel" not found in /var/www/html/sci-bono-aifluency/api/models/StudentNote.php:7
Trace: #0 /var/www/html/sci-bono-aifluency/api/vendor/composer/ClassLoader.php(571): include()
#1 /var/www/html/sci-bono-aifluency/api/vendor/composer/ClassLoader.php(428): Composer\Autoload\includeFile()
#2 /var/www/html/sci-bono-aifluency/api/controllers/NotesController.php(17): Composer\Autoload\ClassLoader->loadClass()
#3 /var/www/html/sci-bono-aifluency/api/routes/api.php(1006): App\Controllers\NotesController->__construct()
#4 /var/www/html/sci-bono-aifluency/api/index.php(146): require_once('...')
#5 {main}
[2026-02-12 11:43:26] ERROR: Class "BaseModel" not found in /var/www/html/sci-bono-aifluency/api/models/Bookmark.php:7
Trace: #0 /var/www/html/sci-bono-aifluency/api/vendor/composer/ClassLoader.php(571): include()
#1 /var/www/html/sci-bono-aifluency/api/vendor/composer/ClassLoader.php(428): Composer\Autoload\includeFile()
#2 /var/www/html/sci-bono-aifluency/api/controllers/BookmarksController.php(17): Composer\Autoload\ClassLoader->loadClass()
#3 /var/www/html/sci-bono-aifluency/api/routes/api.php(1006): App\Controllers\BookmarksController->__construct()
#4 /var/www/html/sci-bono-aifluency/api/index.php(146): require_once('...')
#5 {main}
[2026-02-12 11:43:51] ERROR: SQLSTATE[42S22]: Column not found: 1054 Unknown column 'qa.completed_at' in 'order clause' in /var/www/html/sci-bono-aifluency/api/controllers/QuizController.php:595
Trace: #0 /var/www/html/sci-bono-aifluency/api/controllers/QuizController.php(595): PDO->prepare()
#1 /var/www/html/sci-bono-aifluency/api/routes/api.php(1014): App\Controllers\QuizController->getRecentAttempts()
#2 /var/www/html/sci-bono-aifluency/api/index.php(146): require_once('...')
#3 {main}
[2026-02-12 11:43:51] ERROR: SQLSTATE[42S02]: Base table or view not found: 1146 Table 'ai_fluency_lms.lesson_completions' doesn't exist in /var/www/html/sci-bono-aifluency/api/controllers/UserController.php:695
Trace: #0 /var/www/html/sci-bono-aifluency/api/controllers/UserController.php(695): PDO->prepare()
#1 /var/www/html/sci-bono-aifluency/api/routes/api.php(1014): App\Controllers\UserController->getMyStats()
#2 /var/www/html/sci-bono-aifluency/api/index.php(146): require_once('...')
#3 {main}
[2026-02-14 14:30:09] ERROR: SQLSTATE[42S22]: Column not found: 1054 Unknown column 'qa.completed_at' in 'order clause' in /var/www/html/sci-bono-aifluency/api/controllers/QuizController.php:595
Trace: #0 /var/www/html/sci-bono-aifluency/api/controllers/QuizController.php(595): PDO->prepare()
#1 /var/www/html/sci-bono-aifluency/api/routes/api.php(1014): App\Controllers\QuizController->getRecentAttempts()
#2 /var/www/html/sci-bono-aifluency/api/index.php(146): require_once('...')
#3 {main}
[2026-02-14 14:30:09] ERROR: SQLSTATE[42S02]: Base table or view not found: 1146 Table 'ai_fluency_lms.lesson_completions' doesn't exist in /var/www/html/sci-bono-aifluency/api/controllers/UserController.php:695
Trace: #0 /var/www/html/sci-bono-aifluency/api/controllers/UserController.php(695): PDO->prepare()
#1 /var/www/html/sci-bono-aifluency/api/routes/api.php(1014): App\Controllers\UserController->getMyStats()
#2 /var/www/html/sci-bono-aifluency/api/index.php(146): require_once('...')
#3 {main}
[2026-02-14 14:38:45] ERROR: Class "BaseModel" not found in /var/www/html/sci-bono-aifluency/api/models/StudentNote.php:7
Trace: #0 /var/www/html/sci-bono-aifluency/api/vendor/composer/ClassLoader.php(571): include()
#1 /var/www/html/sci-bono-aifluency/api/vendor/composer/ClassLoader.php(428): Composer\Autoload\includeFile()
#2 /var/www/html/sci-bono-aifluency/api/controllers/NotesController.php(17): Composer\Autoload\ClassLoader->loadClass()
#3 /var/www/html/sci-bono-aifluency/api/routes/api.php(1006): App\Controllers\NotesController->__construct()
#4 /var/www/html/sci-bono-aifluency/api/index.php(146): require_once('...')
#5 {main}
[2026-02-14 14:38:45] ERROR: Class "BaseModel" not found in /var/www/html/sci-bono-aifluency/api/models/Bookmark.php:7
Trace: #0 /var/www/html/sci-bono-aifluency/api/vendor/composer/ClassLoader.php(571): include()
#1 /var/www/html/sci-bono-aifluency/api/vendor/composer/ClassLoader.php(428): Composer\Autoload\includeFile()
#2 /var/www/html/sci-bono-aifluency/api/controllers/BookmarksController.php(17): Composer\Autoload\ClassLoader->loadClass()
#3 /var/www/html/sci-bono-aifluency/api/routes/api.php(1006): App\Controllers\BookmarksController->__construct()
#4 /var/www/html/sci-bono-aifluency/api/index.php(146): require_once('...')
#5 {main}
[2026-02-14 14:38:52] ERROR: Class "BaseModel" not found in /var/www/html/sci-bono-aifluency/api/models/StudentNote.php:7
Trace: #0 /var/www/html/sci-bono-aifluency/api/vendor/composer/ClassLoader.php(571): include()
#1 /var/www/html/sci-bono-aifluency/api/vendor/composer/ClassLoader.php(428): Composer\Autoload\includeFile()
#2 /var/www/html/sci-bono-aifluency/api/controllers/NotesController.php(17): Composer\Autoload\ClassLoader->loadClass()
#3 /var/www/html/sci-bono-aifluency/api/routes/api.php(1006): App\Controllers\NotesController->__construct()
#4 /var/www/html/sci-bono-aifluency/api/index.php(146): require_once('...')
#5 {main}
[2026-02-14 14:38:52] ERROR: Class "BaseModel" not found in /var/www/html/sci-bono-aifluency/api/models/Bookmark.php:7
Trace: #0 /var/www/html/sci-bono-aifluency/api/vendor/composer/ClassLoader.php(571): include()
#1 /var/www/html/sci-bono-aifluency/api/vendor/composer/ClassLoader.php(428): Composer\Autoload\includeFile()
#2 /var/www/html/sci-bono-aifluency/api/controllers/BookmarksController.php(17): Composer\Autoload\ClassLoader->loadClass()
#3 /var/www/html/sci-bono-aifluency/api/routes/api.php(1006): App\Controllers\BookmarksController->__construct()
#4 /var/www/html/sci-bono-aifluency/api/index.php(146): require_once('...')
#5 {main}
[2026-02-14 14:39:35] ERROR: Class "BaseModel" not found in /var/www/html/sci-bono-aifluency/api/models/StudentNote.php:7
Trace: #0 /var/www/html/sci-bono-aifluency/api/vendor/composer/ClassLoader.php(571): include()
#1 /var/www/html/sci-bono-aifluency/api/vendor/composer/ClassLoader.php(428): Composer\Autoload\includeFile()
#2 /var/www/html/sci-bono-aifluency/api/controllers/NotesController.php(17): Composer\Autoload\ClassLoader->loadClass()
#3 /var/www/html/sci-bono-aifluency/api/routes/api.php(1006): App\Controllers\NotesController->__construct()
#4 /var/www/html/sci-bono-aifluency/api/index.php(146): require_once('...')
#5 {main}
[2026-02-14 14:39:35] ERROR: Class "BaseModel" not found in /var/www/html/sci-bono-aifluency/api/models/Bookmark.php:7
Trace: #0 /var/www/html/sci-bono-aifluency/api/vendor/composer/ClassLoader.php(571): include()
#1 /var/www/html/sci-bono-aifluency/api/vendor/composer/ClassLoader.php(428): Composer\Autoload\includeFile()
#2 /var/www/html/sci-bono-aifluency/api/controllers/BookmarksController.php(17): Composer\Autoload\ClassLoader->loadClass()
#3 /var/www/html/sci-bono-aifluency/api/routes/api.php(1006): App\Controllers\BookmarksController->__construct()
#4 /var/www/html/sci-bono-aifluency/api/index.php(146): require_once('...')
#5 {main}
[2026-02-14 14:45:45] ERROR: Class "BaseModel" not found in /var/www/html/sci-bono-aifluency/api/models/StudentNote.php:7
Trace: #0 /var/www/html/sci-bono-aifluency/api/vendor/composer/ClassLoader.php(571): include()
#1 /var/www/html/sci-bono-aifluency/api/vendor/composer/ClassLoader.php(428): Composer\Autoload\includeFile()
#2 /var/www/html/sci-bono-aifluency/api/controllers/NotesController.php(17): Composer\Autoload\ClassLoader->loadClass()
#3 /var/www/html/sci-bono-aifluency/api/routes/api.php(1006): App\Controllers\NotesController->__construct()
#4 /var/www/html/sci-bono-aifluency/api/index.php(146): require_once('...')
#5 {main}
[2026-02-14 14:45:45] ERROR: Class "BaseModel" not found in /var/www/html/sci-bono-aifluency/api/models/Bookmark.php:7
Trace: #0 /var/www/html/sci-bono-aifluency/api/vendor/composer/ClassLoader.php(571): include()
#1 /var/www/html/sci-bono-aifluency/api/vendor/composer/ClassLoader.php(428): Composer\Autoload\includeFile()
#2 /var/www/html/sci-bono-aifluency/api/controllers/BookmarksController.php(17): Composer\Autoload\ClassLoader->loadClass()
#3 /var/www/html/sci-bono-aifluency/api/routes/api.php(1006): App\Controllers\BookmarksController->__construct()
#4 /var/www/html/sci-bono-aifluency/api/index.php(146): require_once('...')
#5 {main}
[2026-02-14 14:49:00] ERROR: SQLSTATE[42S22]: Column not found: 1054 Unknown column 'qa.completed_at' in 'order clause' in /var/www/html/sci-bono-aifluency/api/controllers/QuizController.php:595
Trace: #0 /var/www/html/sci-bono-aifluency/api/controllers/QuizController.php(595): PDO->prepare()
#1 /var/www/html/sci-bono-aifluency/api/routes/api.php(1014): App\Controllers\QuizController->getRecentAttempts()
#2 /var/www/html/sci-bono-aifluency/api/index.php(146): require_once('...')
#3 {main}
[2026-02-14 14:49:00] ERROR: SQLSTATE[42S02]: Base table or view not found: 1146 Table 'ai_fluency_lms.lesson_completions' doesn't exist in /var/www/html/sci-bono-aifluency/api/controllers/UserController.php:695
Trace: #0 /var/www/html/sci-bono-aifluency/api/controllers/UserController.php(695): PDO->prepare()
#1 /var/www/html/sci-bono-aifluency/api/routes/api.php(1014): App\Controllers\UserController->getMyStats()
#2 /var/www/html/sci-bono-aifluency/api/index.php(146): require_once('...')
#3 {main}
[2026-02-14 14:51:47] ERROR: SQLSTATE[42S22]: Column not found: 1054 Unknown column 'qa.completed_at' in 'order clause' in /var/www/html/sci-bono-aifluency/api/controllers/QuizController.php:595
Trace: #0 /var/www/html/sci-bono-aifluency/api/controllers/QuizController.php(595): PDO->prepare()
#1 /var/www/html/sci-bono-aifluency/api/routes/api.php(1014): App\Controllers\QuizController->getRecentAttempts()
#2 /var/www/html/sci-bono-aifluency/api/index.php(146): require_once('...')
#3 {main}
[2026-02-14 14:51:47] ERROR: SQLSTATE[42S02]: Base table or view not found: 1146 Table 'ai_fluency_lms.lesson_completions' doesn't exist in /var/www/html/sci-bono-aifluency/api/controllers/UserController.php:695
Trace: #0 /var/www/html/sci-bono-aifluency/api/controllers/UserController.php(695): PDO->prepare()
#1 /var/www/html/sci-bono-aifluency/api/routes/api.php(1014): App\Controllers\UserController->getMyStats()
#2 /var/www/html/sci-bono-aifluency/api/index.php(146): require_once('...')
#3 {main}
[2026-02-15 09:22:05] ERROR: Attempt to assign property "user_attempts" on null in /var/www/html/sci-bono-aifluency/api/controllers/QuizController.php:131
Trace: #0 /var/www/html/sci-bono-aifluency/api/routes/api.php(1014): App\Controllers\QuizController->show()
#1 /var/www/html/sci-bono-aifluency/api/index.php(146): require_once('...')
#2 {main}
[2026-02-15 09:22:37] ERROR: Attempt to assign property "user_attempts" on null in /var/www/html/sci-bono-aifluency/api/controllers/QuizController.php:131
Trace: #0 /var/www/html/sci-bono-aifluency/api/routes/api.php(1014): App\Controllers\QuizController->show()
#1 /var/www/html/sci-bono-aifluency/api/index.php(146): require_once('...')
#2 {main}
[2026-02-15 09:28:32] ERROR: Attempt to assign property "user_attempts" on null in /var/www/html/sci-bono-aifluency/api/controllers/QuizController.php:131
Trace: #0 /var/www/html/sci-bono-aifluency/api/routes/api.php(1014): App\Controllers\QuizController->show()
#1 /var/www/html/sci-bono-aifluency/api/index.php(146): require_once('...')
#2 {main}
[2026-02-15 09:28:48] ERROR: Attempt to assign property "user_attempts" on null in /var/www/html/sci-bono-aifluency/api/controllers/QuizController.php:131
Trace: #0 /var/www/html/sci-bono-aifluency/api/routes/api.php(1014): App\Controllers\QuizController->show()
#1 /var/www/html/sci-bono-aifluency/api/index.php(146): require_once('...')
#2 {main}
[2026-02-15 09:28:51] ERROR: Attempt to assign property "user_attempts" on null in /var/www/html/sci-bono-aifluency/api/controllers/QuizController.php:131
Trace: #0 /var/www/html/sci-bono-aifluency/api/routes/api.php(1014): App\Controllers\QuizController->show()
#1 /var/www/html/sci-bono-aifluency/api/index.php(146): require_once('...')
#2 {main}
[2026-02-15 09:28:57] ERROR: Attempt to assign property "user_attempts" on null in /var/www/html/sci-bono-aifluency/api/controllers/QuizController.php:131
Trace: #0 /var/www/html/sci-bono-aifluency/api/routes/api.php(1014): App\Controllers\QuizController->show()
#1 /var/www/html/sci-bono-aifluency/api/index.php(146): require_once('...')
#2 {main}
[2026-02-15 09:29:40] ERROR: Attempt to assign property "user_attempts" on null in /var/www/html/sci-bono-aifluency/api/controllers/QuizController.php:131
Trace: #0 /var/www/html/sci-bono-aifluency/api/routes/api.php(1014): App\Controllers\QuizController->show()
#1 /var/www/html/sci-bono-aifluency/api/index.php(146): require_once('...')
#2 {main}
[2026-02-15 09:29:46] ERROR: Attempt to assign property "user_attempts" on null in /var/www/html/sci-bono-aifluency/api/controllers/QuizController.php:131
Trace: #0 /var/www/html/sci-bono-aifluency/api/routes/api.php(1014): App\Controllers\QuizController->show()
#1 /var/www/html/sci-bono-aifluency/api/index.php(146): require_once('...')
#2 {main}
[2026-02-15 11:32:31] ERROR: SQLSTATE[42S22]: Column not found: 1054 Unknown column 'qa.completed_at' in 'order clause' in /var/www/html/sci-bono-aifluency/api/controllers/QuizController.php:595
Trace: #0 /var/www/html/sci-bono-aifluency/api/controllers/QuizController.php(595): PDO->prepare()
#1 /var/www/html/sci-bono-aifluency/api/routes/api.php(1014): App\Controllers\QuizController->getRecentAttempts()
#2 /var/www/html/sci-bono-aifluency/api/index.php(146): require_once('...')
#3 {main}
[2026-02-15 11:32:31] ERROR: SQLSTATE[42S02]: Base table or view not found: 1146 Table 'ai_fluency_lms.lesson_completions' doesn't exist in /var/www/html/sci-bono-aifluency/api/controllers/UserController.php:695
Trace: #0 /var/www/html/sci-bono-aifluency/api/controllers/UserController.php(695): PDO->prepare()
#1 /var/www/html/sci-bono-aifluency/api/routes/api.php(1014): App\Controllers\UserController->getMyStats()
#2 /var/www/html/sci-bono-aifluency/api/index.php(146): require_once('...')
#3 {main}
[2026-02-15 11:41:34] ERROR: SQLSTATE[42S22]: Column not found: 1054 Unknown column 'qa.completed_at' in 'order clause' in /var/www/html/sci-bono-aifluency/api/controllers/QuizController.php:595
Trace: #0 /var/www/html/sci-bono-aifluency/api/controllers/QuizController.php(595): PDO->prepare()
#1 /var/www/html/sci-bono-aifluency/api/routes/api.php(1014): App\Controllers\QuizController->getRecentAttempts()
#2 /var/www/html/sci-bono-aifluency/api/index.php(146): require_once('...')
#3 {main}
[2026-02-15 11:41:34] ERROR: SQLSTATE[42S02]: Base table or view not found: 1146 Table 'ai_fluency_lms.lesson_completions' doesn't exist in /var/www/html/sci-bono-aifluency/api/controllers/UserController.php:695
Trace: #0 /var/www/html/sci-bono-aifluency/api/controllers/UserController.php(695): PDO->prepare()
#1 /var/www/html/sci-bono-aifluency/api/routes/api.php(1014): App\Controllers\UserController->getMyStats()
#2 /var/www/html/sci-bono-aifluency/api/index.php(146): require_once('...')
#3 {main}
[2026-02-15 11:41:40] ERROR: SQLSTATE[42S22]: Column not found: 1054 Unknown column 'qa.completed_at' in 'order clause' in /var/www/html/sci-bono-aifluency/api/controllers/QuizController.php:595
Trace: #0 /var/www/html/sci-bono-aifluency/api/controllers/QuizController.php(595): PDO->prepare()
#1 /var/www/html/sci-bono-aifluency/api/routes/api.php(1014): App\Controllers\QuizController->getRecentAttempts()
#2 /var/www/html/sci-bono-aifluency/api/index.php(146): require_once('...')
#3 {main}
[2026-02-15 11:41:40] ERROR: SQLSTATE[42S02]: Base table or view not found: 1146 Table 'ai_fluency_lms.lesson_completions' doesn't exist in /var/www/html/sci-bono-aifluency/api/controllers/UserController.php:695
Trace: #0 /var/www/html/sci-bono-aifluency/api/controllers/UserController.php(695): PDO->prepare()
#1 /var/www/html/sci-bono-aifluency/api/routes/api.php(1014): App\Controllers\UserController->getMyStats()
#2 /var/www/html/sci-bono-aifluency/api/index.php(146): require_once('...')
#3 {main}
[2026-02-15 11:41:45] ERROR: SQLSTATE[42S22]: Column not found: 1054 Unknown column 'qa.completed_at' in 'order clause' in /var/www/html/sci-bono-aifluency/api/controllers/QuizController.php:595
Trace: #0 /var/www/html/sci-bono-aifluency/api/controllers/QuizController.php(595): PDO->prepare()
#1 /var/www/html/sci-bono-aifluency/api/routes/api.php(1014): App\Controllers\QuizController->getRecentAttempts()
#2 /var/www/html/sci-bono-aifluency/api/index.php(146): require_once('...')
#3 {main}
[2026-02-15 11:41:45] ERROR: SQLSTATE[42S02]: Base table or view not found: 1146 Table 'ai_fluency_lms.lesson_completions' doesn't exist in /var/www/html/sci-bono-aifluency/api/controllers/UserController.php:695
Trace: #0 /var/www/html/sci-bono-aifluency/api/controllers/UserController.php(695): PDO->prepare()
#1 /var/www/html/sci-bono-aifluency/api/routes/api.php(1014): App\Controllers\UserController->getMyStats()
#2 /var/www/html/sci-bono-aifluency/api/index.php(146): require_once('...')
#3 {main}
[2026-02-15 11:42:01] ERROR: SQLSTATE[42S02]: Base table or view not found: 1146 Table 'ai_fluency_lms.lesson_completions' doesn't exist in /var/www/html/sci-bono-aifluency/api/controllers/UserController.php:695
Trace: #0 /var/www/html/sci-bono-aifluency/api/controllers/UserController.php(695): PDO->prepare()
#1 /var/www/html/sci-bono-aifluency/api/routes/api.php(1014): App\Controllers\UserController->getMyStats()
#2 /var/www/html/sci-bono-aifluency/api/index.php(146): require_once('...')
#3 {main}
[2026-02-15 11:42:01] ERROR: SQLSTATE[42S22]: Column not found: 1054 Unknown column 'qa.completed_at' in 'order clause' in /var/www/html/sci-bono-aifluency/api/controllers/QuizController.php:595
Trace: #0 /var/www/html/sci-bono-aifluency/api/controllers/QuizController.php(595): PDO->prepare()
#1 /var/www/html/sci-bono-aifluency/api/routes/api.php(1014): App\Controllers\QuizController->getRecentAttempts()
#2 /var/www/html/sci-bono-aifluency/api/index.php(146): require_once('...')
#3 {main}
[2026-02-15 12:34:08] ERROR: SQLSTATE[42S22]: Column not found: 1054 Unknown column 'qa.completed_at' in 'order clause' in /var/www/html/sci-bono-aifluency/api/controllers/QuizController.php:595
Trace: #0 /var/www/html/sci-bono-aifluency/api/controllers/QuizController.php(595): PDO->prepare()
#1 /var/www/html/sci-bono-aifluency/api/routes/api.php(1014): App\Controllers\QuizController->getRecentAttempts()
#2 /var/www/html/sci-bono-aifluency/api/index.php(146): require_once('...')
#3 {main}
[2026-02-15 12:34:08] ERROR: SQLSTATE[42S02]: Base table or view not found: 1146 Table 'ai_fluency_lms.lesson_completions' doesn't exist in /var/www/html/sci-bono-aifluency/api/controllers/UserController.php:695
Trace: #0 /var/www/html/sci-bono-aifluency/api/controllers/UserController.php(695): PDO->prepare()
#1 /var/www/html/sci-bono-aifluency/api/routes/api.php(1014): App\Controllers\UserController->getMyStats()
#2 /var/www/html/sci-bono-aifluency/api/index.php(146): require_once('...')
#3 {main}
[2026-02-15 12:34:26] ERROR: SQLSTATE[42S22]: Column not found: 1054 Unknown column 'qa.completed_at' in 'order clause' in /var/www/html/sci-bono-aifluency/api/controllers/QuizController.php:595
Trace: #0 /var/www/html/sci-bono-aifluency/api/controllers/QuizController.php(595): PDO->prepare()
#1 /var/www/html/sci-bono-aifluency/api/routes/api.php(1014): App\Controllers\QuizController->getRecentAttempts()
#2 /var/www/html/sci-bono-aifluency/api/index.php(146): require_once('...')
#3 {main}
[2026-02-15 12:34:26] ERROR: SQLSTATE[42S02]: Base table or view not found: 1146 Table 'ai_fluency_lms.lesson_completions' doesn't exist in /var/www/html/sci-bono-aifluency/api/controllers/UserController.php:695
Trace: #0 /var/www/html/sci-bono-aifluency/api/controllers/UserController.php(695): PDO->prepare()
#1 /var/www/html/sci-bono-aifluency/api/routes/api.php(1014): App\Controllers\UserController->getMyStats()
#2 /var/www/html/sci-bono-aifluency/api/index.php(146): require_once('...')
#3 {main}
[2026-02-15 16:48:59] ERROR: SQLSTATE[42S22]: Column not found: 1054 Unknown column 'qa.completed_at' in 'order clause' in /var/www/html/sci-bono-aifluency/api/controllers/QuizController.php:595
Trace: #0 /var/www/html/sci-bono-aifluency/api/controllers/QuizController.php(595): PDO->prepare()
#1 /var/www/html/sci-bono-aifluency/api/routes/api.php(1021): App\Controllers\QuizController->getRecentAttempts()
#2 /var/www/html/sci-bono-aifluency/api/index.php(146): require_once('...')
#3 {main}
[2026-02-15 16:48:59] ERROR: SQLSTATE[42S02]: Base table or view not found: 1146 Table 'ai_fluency_lms.lesson_completions' doesn't exist in /var/www/html/sci-bono-aifluency/api/controllers/UserController.php:695
Trace: #0 /var/www/html/sci-bono-aifluency/api/controllers/UserController.php(695): PDO->prepare()
#1 /var/www/html/sci-bono-aifluency/api/routes/api.php(1021): App\Controllers\UserController->getMyStats()
#2 /var/www/html/sci-bono-aifluency/api/index.php(146): require_once('...')
#3 {main}
[2026-02-15 16:49:28] ERROR: SQLSTATE[42S22]: Column not found: 1054 Unknown column 'qa.completed_at' in 'order clause' in /var/www/html/sci-bono-aifluency/api/controllers/QuizController.php:595
Trace: #0 /var/www/html/sci-bono-aifluency/api/controllers/QuizController.php(595): PDO->prepare()
#1 /var/www/html/sci-bono-aifluency/api/routes/api.php(1021): App\Controllers\QuizController->getRecentAttempts()
#2 /var/www/html/sci-bono-aifluency/api/index.php(146): require_once('...')
#3 {main}
[2026-02-15 16:49:28] ERROR: SQLSTATE[42S02]: Base table or view not found: 1146 Table 'ai_fluency_lms.lesson_completions' doesn't exist in /var/www/html/sci-bono-aifluency/api/controllers/UserController.php:695
Trace: #0 /var/www/html/sci-bono-aifluency/api/controllers/UserController.php(695): PDO->prepare()
#1 /var/www/html/sci-bono-aifluency/api/routes/api.php(1021): App\Controllers\UserController->getMyStats()
#2 /var/www/html/sci-bono-aifluency/api/index.php(146): require_once('...')
#3 {main}
[2026-02-15 17:38:06] ERROR: Attempt to assign property "user_attempts" on null in /var/www/html/sci-bono-aifluency/api/controllers/QuizController.php:131
Trace: #0 /var/www/html/sci-bono-aifluency/api/routes/api.php(1021): App\Controllers\QuizController->show()
#1 /var/www/html/sci-bono-aifluency/api/index.php(146): require_once('...')
#2 {main}
[2026-02-15 17:38:23] ERROR: Attempt to assign property "user_attempts" on null in /var/www/html/sci-bono-aifluency/api/controllers/QuizController.php:131
Trace: #0 /var/www/html/sci-bono-aifluency/api/routes/api.php(1021): App\Controllers\QuizController->show()
#1 /var/www/html/sci-bono-aifluency/api/index.php(146): require_once('...')
#2 {main}
[2026-02-15 17:40:26] ERROR: SQLSTATE[42S22]: Column not found: 1054 Unknown column 'qa.completed_at' in 'order clause' in /var/www/html/sci-bono-aifluency/api/controllers/QuizController.php:595
Trace: #0 /var/www/html/sci-bono-aifluency/api/controllers/QuizController.php(595): PDO->prepare()
#1 /var/www/html/sci-bono-aifluency/api/routes/api.php(1021): App\Controllers\QuizController->getRecentAttempts()
#2 /var/www/html/sci-bono-aifluency/api/index.php(146): require_once('...')
#3 {main}
[2026-02-15 17:40:26] ERROR: SQLSTATE[42S02]: Base table or view not found: 1146 Table 'ai_fluency_lms.lesson_completions' doesn't exist in /var/www/html/sci-bono-aifluency/api/controllers/UserController.php:695
Trace: #0 /var/www/html/sci-bono-aifluency/api/controllers/UserController.php(695): PDO->prepare()
#1 /var/www/html/sci-bono-aifluency/api/routes/api.php(1021): App\Controllers\UserController->getMyStats()
#2 /var/www/html/sci-bono-aifluency/api/index.php(146): require_once('...')
#3 {main}
[2026-02-15 21:11:07] ERROR: SQLSTATE[42S22]: Column not found: 1054 Unknown column 'qa.completed_at' in 'order clause' in /var/www/html/sci-bono-aifluency/api/controllers/QuizController.php:595
Trace: #0 /var/www/html/sci-bono-aifluency/api/controllers/QuizController.php(595): PDO->prepare()
#1 /var/www/html/sci-bono-aifluency/api/routes/api.php(1021): App\Controllers\QuizController->getRecentAttempts()
#2 /var/www/html/sci-bono-aifluency/api/index.php(146): require_once('...')
#3 {main}
[2026-02-15 21:11:07] ERROR: SQLSTATE[42S02]: Base table or view not found: 1146 Table 'ai_fluency_lms.lesson_completions' doesn't exist in /var/www/html/sci-bono-aifluency/api/controllers/UserController.php:686
Trace: #0 /var/www/html/sci-bono-aifluency/api/controllers/UserController.php(686): PDO->prepare()
#1 /var/www/html/sci-bono-aifluency/api/routes/api.php(1021): App\Controllers\UserController->getMyStats()
#2 /var/www/html/sci-bono-aifluency/api/index.php(146): require_once('...')
#3 {main}
[2026-02-15 21:57:42] ERROR: SQLSTATE[42S22]: Column not found: 1054 Unknown column 'qa.completed_at' in 'order clause' in /var/www/html/sci-bono-aifluency/api/controllers/QuizController.php:595
Trace: #0 /var/www/html/sci-bono-aifluency/api/controllers/QuizController.php(595): PDO->prepare()
#1 /var/www/html/sci-bono-aifluency/api/routes/api.php(1021): App\Controllers\QuizController->getRecentAttempts()
#2 /var/www/html/sci-bono-aifluency/api/index.php(146): require_once('...')
#3 {main}
[2026-02-15 21:57:42] ERROR: SQLSTATE[42S02]: Base table or view not found: 1146 Table 'ai_fluency_lms.lesson_completions' doesn't exist in /var/www/html/sci-bono-aifluency/api/controllers/UserController.php:686
Trace: #0 /var/www/html/sci-bono-aifluency/api/controllers/UserController.php(686): PDO->prepare()
#1 /var/www/html/sci-bono-aifluency/api/routes/api.php(1021): App\Controllers\UserController->getMyStats()
#2 /var/www/html/sci-bono-aifluency/api/index.php(146): require_once('...')
#3 {main}
[2026-02-15 21:58:10] ERROR: SQLSTATE[42S02]: Base table or view not found: 1146 Table 'ai_fluency_lms.lesson_completions' doesn't exist in /var/www/html/sci-bono-aifluency/api/controllers/UserController.php:686
Trace: #0 /var/www/html/sci-bono-aifluency/api/controllers/UserController.php(686): PDO->prepare()
#1 /var/www/html/sci-bono-aifluency/api/routes/api.php(1021): App\Controllers\UserController->getMyStats()
#2 /var/www/html/sci-bono-aifluency/api/index.php(146): require_once('...')
#3 {main}
[2026-02-15 21:58:10] ERROR: SQLSTATE[42S22]: Column not found: 1054 Unknown column 'qa.completed_at' in 'order clause' in /var/www/html/sci-bono-aifluency/api/controllers/QuizController.php:595
Trace: #0 /var/www/html/sci-bono-aifluency/api/controllers/QuizController.php(595): PDO->prepare()
#1 /var/www/html/sci-bono-aifluency/api/routes/api.php(1021): App\Controllers\QuizController->getRecentAttempts()
#2 /var/www/html/sci-bono-aifluency/api/index.php(146): require_once('...')
#3 {main}
[2026-02-15 21:58:30] ERROR: SQLSTATE[42S22]: Column not found: 1054 Unknown column 'qa.completed_at' in 'order clause' in /var/www/html/sci-bono-aifluency/api/controllers/QuizController.php:595
Trace: #0 /var/www/html/sci-bono-aifluency/api/controllers/QuizController.php(595): PDO->prepare()
#1 /var/www/html/sci-bono-aifluency/api/routes/api.php(1021): App\Controllers\QuizController->getRecentAttempts()
#2 /var/www/html/sci-bono-aifluency/api/index.php(146): require_once('...')
#3 {main}
[2026-02-15 21:58:30] ERROR: SQLSTATE[42S02]: Base table or view not found: 1146 Table 'ai_fluency_lms.lesson_completions' doesn't exist in /var/www/html/sci-bono-aifluency/api/controllers/UserController.php:686
Trace: #0 /var/www/html/sci-bono-aifluency/api/controllers/UserController.php(686): PDO->prepare()
#1 /var/www/html/sci-bono-aifluency/api/routes/api.php(1021): App\Controllers\UserController->getMyStats()
#2 /var/www/html/sci-bono-aifluency/api/index.php(146): require_once('...')
#3 {main}
[2026-02-15 21:59:06] ERROR: SQLSTATE[42S22]: Column not found: 1054 Unknown column 'qa.completed_at' in 'order clause' in /var/www/html/sci-bono-aifluency/api/controllers/QuizController.php:595
Trace: #0 /var/www/html/sci-bono-aifluency/api/controllers/QuizController.php(595): PDO->prepare()
#1 /var/www/html/sci-bono-aifluency/api/routes/api.php(1021): App\Controllers\QuizController->getRecentAttempts()
#2 /var/www/html/sci-bono-aifluency/api/index.php(146): require_once('...')
#3 {main}
[2026-02-15 21:59:06] ERROR: SQLSTATE[42S02]: Base table or view not found: 1146 Table 'ai_fluency_lms.lesson_completions' doesn't exist in /var/www/html/sci-bono-aifluency/api/controllers/UserController.php:686
Trace: #0 /var/www/html/sci-bono-aifluency/api/controllers/UserController.php(686): PDO->prepare()
#1 /var/www/html/sci-bono-aifluency/api/routes/api.php(1021): App\Controllers\UserController->getMyStats()
#2 /var/www/html/sci-bono-aifluency/api/index.php(146): require_once('...')
#3 {main}
[2026-02-16 04:45:41] ERROR: SQLSTATE[42S22]: Column not found: 1054 Unknown column 'qa.completed_at' in 'order clause' in /var/www/html/sci-bono-aifluency/api/controllers/QuizController.php:595
Trace: #0 /var/www/html/sci-bono-aifluency/api/controllers/QuizController.php(595): PDO->prepare()
#1 /var/www/html/sci-bono-aifluency/api/routes/api.php(1021): App\Controllers\QuizController->getRecentAttempts()
#2 /var/www/html/sci-bono-aifluency/api/index.php(146): require_once('...')
#3 {main}
[2026-02-16 04:45:41] ERROR: SQLSTATE[42S02]: Base table or view not found: 1146 Table 'ai_fluency_lms.lesson_completions' doesn't exist in /var/www/html/sci-bono-aifluency/api/controllers/UserController.php:686
Trace: #0 /var/www/html/sci-bono-aifluency/api/controllers/UserController.php(686): PDO->prepare()
#1 /var/www/html/sci-bono-aifluency/api/routes/api.php(1021): App\Controllers\UserController->getMyStats()
#2 /var/www/html/sci-bono-aifluency/api/index.php(146): require_once('...')
#3 {main}
[2026-02-16 04:46:29] ERROR: SQLSTATE[42S22]: Column not found: 1054 Unknown column 'qa.completed_at' in 'order clause' in /var/www/html/sci-bono-aifluency/api/controllers/QuizController.php:595
Trace: #0 /var/www/html/sci-bono-aifluency/api/controllers/QuizController.php(595): PDO->prepare()
#1 /var/www/html/sci-bono-aifluency/api/routes/api.php(1021): App\Controllers\QuizController->getRecentAttempts()
#2 /var/www/html/sci-bono-aifluency/api/index.php(146): require_once('...')
#3 {main}
[2026-02-16 04:46:29] ERROR: SQLSTATE[42S02]: Base table or view not found: 1146 Table 'ai_fluency_lms.lesson_completions' doesn't exist in /var/www/html/sci-bono-aifluency/api/controllers/UserController.php:686
Trace: #0 /var/www/html/sci-bono-aifluency/api/controllers/UserController.php(686): PDO->prepare()
#1 /var/www/html/sci-bono-aifluency/api/routes/api.php(1021): App\Controllers\UserController->getMyStats()
#2 /var/www/html/sci-bono-aifluency/api/index.php(146): require_once('...')
#3 {main}
[2026-02-16 04:47:59] ERROR: SQLSTATE[42S22]: Column not found: 1054 Unknown column 'qa.completed_at' in 'order clause' in /var/www/html/sci-bono-aifluency/api/controllers/QuizController.php:595
Trace: #0 /var/www/html/sci-bono-aifluency/api/controllers/QuizController.php(595): PDO->prepare()
#1 /var/www/html/sci-bono-aifluency/api/routes/api.php(1021): App\Controllers\QuizController->getRecentAttempts()
#2 /var/www/html/sci-bono-aifluency/api/index.php(146): require_once('...')
#3 {main}
[2026-02-16 04:47:59] ERROR: SQLSTATE[42S02]: Base table or view not found: 1146 Table 'ai_fluency_lms.lesson_completions' doesn't exist in /var/www/html/sci-bono-aifluency/api/controllers/UserController.php:686
Trace: #0 /var/www/html/sci-bono-aifluency/api/controllers/UserController.php(686): PDO->prepare()
#1 /var/www/html/sci-bono-aifluency/api/routes/api.php(1021): App\Controllers\UserController->getMyStats()
#2 /var/www/html/sci-bono-aifluency/api/index.php(146): require_once('...')
#3 {main}
[2026-02-16 04:49:29] ERROR: SQLSTATE[42S22]: Column not found: 1054 Unknown column 'qa.completed_at' in 'order clause' in /var/www/html/sci-bono-aifluency/api/controllers/QuizController.php:595
Trace: #0 /var/www/html/sci-bono-aifluency/api/controllers/QuizController.php(595): PDO->prepare()
#1 /var/www/html/sci-bono-aifluency/api/routes/api.php(1021): App\Controllers\QuizController->getRecentAttempts()
#2 /var/www/html/sci-bono-aifluency/api/index.php(146): require_once('...')
#3 {main}
[2026-02-16 04:49:29] ERROR: SQLSTATE[42S02]: Base table or view not found: 1146 Table 'ai_fluency_lms.lesson_completions' doesn't exist in /var/www/html/sci-bono-aifluency/api/controllers/UserController.php:686
Trace: #0 /var/www/html/sci-bono-aifluency/api/controllers/UserController.php(686): PDO->prepare()
#1 /var/www/html/sci-bono-aifluency/api/routes/api.php(1021): App\Controllers\UserController->getMyStats()
#2 /var/www/html/sci-bono-aifluency/api/index.php(146): require_once('...')
#3 {main}
[2026-02-16 04:50:33] ERROR: SQLSTATE[42S22]: Column not found: 1054 Unknown column 'qa.completed_at' in 'order clause' in /var/www/html/sci-bono-aifluency/api/controllers/QuizController.php:595
Trace: #0 /var/www/html/sci-bono-aifluency/api/controllers/QuizController.php(595): PDO->prepare()
#1 /var/www/html/sci-bono-aifluency/api/routes/api.php(1021): App\Controllers\QuizController->getRecentAttempts()
#2 /var/www/html/sci-bono-aifluency/api/index.php(146): require_once('...')
#3 {main}
[2026-02-16 04:50:33] ERROR: SQLSTATE[42S02]: Base table or view not found: 1146 Table 'ai_fluency_lms.lesson_completions' doesn't exist in /var/www/html/sci-bono-aifluency/api/controllers/UserController.php:686
Trace: #0 /var/www/html/sci-bono-aifluency/api/controllers/UserController.php(686): PDO->prepare()
#1 /var/www/html/sci-bono-aifluency/api/routes/api.php(1021): App\Controllers\UserController->getMyStats()
#2 /var/www/html/sci-bono-aifluency/api/index.php(146): require_once('...')
#3 {main}
[2026-02-16 04:50:57] ERROR: SQLSTATE[42S22]: Column not found: 1054 Unknown column 'qa.completed_at' in 'order clause' in /var/www/html/sci-bono-aifluency/api/controllers/QuizController.php:595
Trace: #0 /var/www/html/sci-bono-aifluency/api/controllers/QuizController.php(595): PDO->prepare()
#1 /var/www/html/sci-bono-aifluency/api/routes/api.php(1021): App\Controllers\QuizController->getRecentAttempts()
#2 /var/www/html/sci-bono-aifluency/api/index.php(146): require_once('...')
#3 {main}
[2026-02-16 04:50:57] ERROR: SQLSTATE[42S02]: Base table or view not found: 1146 Table 'ai_fluency_lms.lesson_completions' doesn't exist in /var/www/html/sci-bono-aifluency/api/controllers/UserController.php:686
Trace: #0 /var/www/html/sci-bono-aifluency/api/controllers/UserController.php(686): PDO->prepare()
#1 /var/www/html/sci-bono-aifluency/api/routes/api.php(1021): App\Controllers\UserController->getMyStats()
#2 /var/www/html/sci-bono-aifluency/api/index.php(146): require_once('...')
#3 {main}
[2026-02-16 04:51:44] ERROR: SQLSTATE[42S22]: Column not found: 1054 Unknown column 'qa.completed_at' in 'order clause' in /var/www/html/sci-bono-aifluency/api/controllers/QuizController.php:595
Trace: #0 /var/www/html/sci-bono-aifluency/api/controllers/QuizController.php(595): PDO->prepare()
#1 /var/www/html/sci-bono-aifluency/api/routes/api.php(1021): App\Controllers\QuizController->getRecentAttempts()
#2 /var/www/html/sci-bono-aifluency/api/index.php(146): require_once('...')
#3 {main}
[2026-02-16 04:51:44] ERROR: SQLSTATE[42S02]: Base table or view not found: 1146 Table 'ai_fluency_lms.lesson_completions' doesn't exist in /var/www/html/sci-bono-aifluency/api/controllers/UserController.php:686
Trace: #0 /var/www/html/sci-bono-aifluency/api/controllers/UserController.php(686): PDO->prepare()
#1 /var/www/html/sci-bono-aifluency/api/routes/api.php(1021): App\Controllers\UserController->getMyStats()
#2 /var/www/html/sci-bono-aifluency/api/index.php(146): require_once('...')
#3 {main}
[2026-02-16 05:01:40] ERROR: SQLSTATE[42S22]: Column not found: 1054 Unknown column 'qa.completed_at' in 'order clause' in /var/www/html/sci-bono-aifluency/api/controllers/QuizController.php:595
Trace: #0 /var/www/html/sci-bono-aifluency/api/controllers/QuizController.php(595): PDO->prepare()
#1 /var/www/html/sci-bono-aifluency/api/routes/api.php(1021): App\Controllers\QuizController->getRecentAttempts()
#2 /var/www/html/sci-bono-aifluency/api/index.php(146): require_once('...')
#3 {main}
[2026-02-16 05:01:40] ERROR: Call to undefined method App\Models\Course::getById() in /var/www/html/sci-bono-aifluency/api/controllers/CourseController.php:130
Trace: #0 /var/www/html/sci-bono-aifluency/api/routes/api.php(1021): App\Controllers\CourseController->getEnrolledCourses()
#1 /var/www/html/sci-bono-aifluency/api/index.php(146): require_once('...')
#2 {main}
[2026-02-16 05:01:40] ERROR: SQLSTATE[42S02]: Base table or view not found: 1146 Table 'ai_fluency_lms.lesson_completions' doesn't exist in /var/www/html/sci-bono-aifluency/api/controllers/UserController.php:686
Trace: #0 /var/www/html/sci-bono-aifluency/api/controllers/UserController.php(686): PDO->prepare()
#1 /var/www/html/sci-bono-aifluency/api/routes/api.php(1021): App\Controllers\UserController->getMyStats()
#2 /var/www/html/sci-bono-aifluency/api/index.php(146): require_once('...')
#3 {main}
[2026-02-16 05:02:23] ERROR: Class "BaseModel" not found in /var/www/html/sci-bono-aifluency/api/models/StudentNote.php:7
Trace: #0 /var/www/html/sci-bono-aifluency/api/vendor/composer/ClassLoader.php(571): include()
#1 /var/www/html/sci-bono-aifluency/api/vendor/composer/ClassLoader.php(428): Composer\Autoload\includeFile()
#2 /var/www/html/sci-bono-aifluency/api/controllers/NotesController.php(17): Composer\Autoload\ClassLoader->loadClass()
#3 /var/www/html/sci-bono-aifluency/api/routes/api.php(1013): App\Controllers\NotesController->__construct()
#4 /var/www/html/sci-bono-aifluency/api/index.php(146): require_once('...')
#5 {main}
[2026-02-16 05:02:23] ERROR: Class "BaseModel" not found in /var/www/html/sci-bono-aifluency/api/models/Bookmark.php:7
Trace: #0 /var/www/html/sci-bono-aifluency/api/vendor/composer/ClassLoader.php(571): include()
#1 /var/www/html/sci-bono-aifluency/api/vendor/composer/ClassLoader.php(428): Composer\Autoload\includeFile()
#2 /var/www/html/sci-bono-aifluency/api/controllers/BookmarksController.php(17): Composer\Autoload\ClassLoader->loadClass()
#3 /var/www/html/sci-bono-aifluency/api/routes/api.php(1013): App\Controllers\BookmarksController->__construct()
#4 /var/www/html/sci-bono-aifluency/api/index.php(146): require_once('...')
#5 {main}
[2026-02-16 05:03:32] ERROR: Class "BaseModel" not found in /var/www/html/sci-bono-aifluency/api/models/StudentNote.php:7
Trace: #0 /var/www/html/sci-bono-aifluency/api/vendor/composer/ClassLoader.php(571): include()
#1 /var/www/html/sci-bono-aifluency/api/vendor/composer/ClassLoader.php(428): Composer\Autoload\includeFile()
#2 /var/www/html/sci-bono-aifluency/api/controllers/NotesController.php(17): Composer\Autoload\ClassLoader->loadClass()
#3 /var/www/html/sci-bono-aifluency/api/routes/api.php(1013): App\Controllers\NotesController->__construct()
#4 /var/www/html/sci-bono-aifluency/api/index.php(146): require_once('...')
#5 {main}
[2026-02-16 05:03:32] ERROR: Class "BaseModel" not found in /var/www/html/sci-bono-aifluency/api/models/Bookmark.php:7
Trace: #0 /var/www/html/sci-bono-aifluency/api/vendor/composer/ClassLoader.php(571): include()
#1 /var/www/html/sci-bono-aifluency/api/vendor/composer/ClassLoader.php(428): Composer\Autoload\includeFile()
#2 /var/www/html/sci-bono-aifluency/api/controllers/BookmarksController.php(17): Composer\Autoload\ClassLoader->loadClass()
#3 /var/www/html/sci-bono-aifluency/api/routes/api.php(1013): App\Controllers\BookmarksController->__construct()
#4 /var/www/html/sci-bono-aifluency/api/index.php(146): require_once('...')
#5 {main}
[2026-02-16 05:03:49] ERROR: Class "BaseModel" not found in /var/www/html/sci-bono-aifluency/api/models/StudentNote.php:7
Trace: #0 /var/www/html/sci-bono-aifluency/api/vendor/composer/ClassLoader.php(571): include()
#1 /var/www/html/sci-bono-aifluency/api/vendor/composer/ClassLoader.php(428): Composer\Autoload\includeFile()
#2 /var/www/html/sci-bono-aifluency/api/controllers/NotesController.php(17): Composer\Autoload\ClassLoader->loadClass()
#3 /var/www/html/sci-bono-aifluency/api/routes/api.php(1013): App\Controllers\NotesController->__construct()
#4 /var/www/html/sci-bono-aifluency/api/index.php(146): require_once('...')
#5 {main}
[2026-02-16 05:10:32] ERROR: Class "BaseModel" not found in /var/www/html/sci-bono-aifluency/api/models/Bookmark.php:7
Trace: #0 /var/www/html/sci-bono-aifluency/api/vendor/composer/ClassLoader.php(571): include()
#1 /var/www/html/sci-bono-aifluency/api/vendor/composer/ClassLoader.php(428): Composer\Autoload\includeFile()
#2 /var/www/html/sci-bono-aifluency/api/controllers/BookmarksController.php(17): Composer\Autoload\ClassLoader->loadClass()
#3 /var/www/html/sci-bono-aifluency/api/routes/api.php(1013): App\Controllers\BookmarksController->__construct()
#4 /var/www/html/sci-bono-aifluency/api/index.php(146): require_once('...')
#5 {main}
[2026-02-16 05:11:17] ERROR: Class "BaseModel" not found in /var/www/html/sci-bono-aifluency/api/models/Bookmark.php:7
Trace: #0 /var/www/html/sci-bono-aifluency/api/vendor/composer/ClassLoader.php(571): include()
#1 /var/www/html/sci-bono-aifluency/api/vendor/composer/ClassLoader.php(428): Composer\Autoload\includeFile()
#2 /var/www/html/sci-bono-aifluency/api/controllers/BookmarksController.php(17): Composer\Autoload\ClassLoader->loadClass()
#3 /var/www/html/sci-bono-aifluency/api/routes/api.php(1013): App\Controllers\BookmarksController->__construct()
#4 /var/www/html/sci-bono-aifluency/api/index.php(146): require_once('...')
#5 {main}
[2026-02-16 05:11:23] ERROR: Class "BaseModel" not found in /var/www/html/sci-bono-aifluency/api/models/Bookmark.php:7
Trace: #0 /var/www/html/sci-bono-aifluency/api/vendor/composer/ClassLoader.php(571): include()
#1 /var/www/html/sci-bono-aifluency/api/vendor/composer/ClassLoader.php(428): Composer\Autoload\includeFile()
#2 /var/www/html/sci-bono-aifluency/api/controllers/BookmarksController.php(17): Composer\Autoload\ClassLoader->loadClass()
#3 /var/www/html/sci-bono-aifluency/api/routes/api.php(1013): App\Controllers\BookmarksController->__construct()
#4 /var/www/html/sci-bono-aifluency/api/index.php(146): require_once('...')
#5 {main}
[2026-02-16 05:12:06] ERROR: SQLSTATE[42S22]: Column not found: 1054 Unknown column 'qa.completed_at' in 'order clause' in /var/www/html/sci-bono-aifluency/api/controllers/QuizController.php:595
Trace: #0 /var/www/html/sci-bono-aifluency/api/controllers/QuizController.php(595): PDO->prepare()
#1 /var/www/html/sci-bono-aifluency/api/routes/api.php(1021): App\Controllers\QuizController->getRecentAttempts()
#2 /var/www/html/sci-bono-aifluency/api/index.php(146): require_once('...')
#3 {main}
[2026-02-16 05:12:06] ERROR: SQLSTATE[42S02]: Base table or view not found: 1146 Table 'ai_fluency_lms.lesson_completions' doesn't exist in /var/www/html/sci-bono-aifluency/api/controllers/UserController.php:686
Trace: #0 /var/www/html/sci-bono-aifluency/api/controllers/UserController.php(686): PDO->prepare()
#1 /var/www/html/sci-bono-aifluency/api/routes/api.php(1021): App\Controllers\UserController->getMyStats()
#2 /var/www/html/sci-bono-aifluency/api/index.php(146): require_once('...')
#3 {main}
[2026-02-16 05:12:42] ERROR: Class "BaseModel" not found in /var/www/html/sci-bono-aifluency/api/models/Bookmark.php:7
Trace: #0 /var/www/html/sci-bono-aifluency/api/vendor/composer/ClassLoader.php(571): include()
#1 /var/www/html/sci-bono-aifluency/api/vendor/composer/ClassLoader.php(428): Composer\Autoload\includeFile()
#2 /var/www/html/sci-bono-aifluency/api/controllers/BookmarksController.php(17): Composer\Autoload\ClassLoader->loadClass()
#3 /var/www/html/sci-bono-aifluency/api/routes/api.php(1013): App\Controllers\BookmarksController->__construct()
#4 /var/www/html/sci-bono-aifluency/api/index.php(146): require_once('...')
#5 {main}
[2026-02-16 05:13:05] ERROR: Class "BaseModel" not found in /var/www/html/sci-bono-aifluency/api/models/Bookmark.php:7
Trace: #0 /var/www/html/sci-bono-aifluency/api/vendor/composer/ClassLoader.php(571): include()
#1 /var/www/html/sci-bono-aifluency/api/vendor/composer/ClassLoader.php(428): Composer\Autoload\includeFile()
#2 /var/www/html/sci-bono-aifluency/api/controllers/BookmarksController.php(17): Composer\Autoload\ClassLoader->loadClass()
#3 /var/www/html/sci-bono-aifluency/api/routes/api.php(1013): App\Controllers\BookmarksController->__construct()
#4 /var/www/html/sci-bono-aifluency/api/index.php(146): require_once('...')
#5 {main}
[2026-02-16 05:13:21] ERROR: Class "BaseModel" not found in /var/www/html/sci-bono-aifluency/api/models/Bookmark.php:7
Trace: #0 /var/www/html/sci-bono-aifluency/api/vendor/composer/ClassLoader.php(571): include()
#1 /var/www/html/sci-bono-aifluency/api/vendor/composer/ClassLoader.php(428): Composer\Autoload\includeFile()
#2 /var/www/html/sci-bono-aifluency/api/controllers/BookmarksController.php(17): Composer\Autoload\ClassLoader->loadClass()
#3 /var/www/html/sci-bono-aifluency/api/routes/api.php(1013): App\Controllers\BookmarksController->__construct()
#4 /var/www/html/sci-bono-aifluency/api/index.php(146): require_once('...')
#5 {main}
[2026-02-16 05:29:04] ERROR: Call to undefined method App\Models\Course::getById() in /var/www/html/sci-bono-aifluency/api/controllers/CourseController.php:130
Trace: #0 /var/www/html/sci-bono-aifluency/api/routes/api.php(1021): App\Controllers\CourseController->getEnrolledCourses()
#1 /var/www/html/sci-bono-aifluency/api/index.php(146): require_once('...')
#2 {main}
[2026-02-16 05:29:04] ERROR: SQLSTATE[42S22]: Column not found: 1054 Unknown column 'qa.completed_at' in 'order clause' in /var/www/html/sci-bono-aifluency/api/controllers/QuizController.php:595
Trace: #0 /var/www/html/sci-bono-aifluency/api/controllers/QuizController.php(595): PDO->prepare()
#1 /var/www/html/sci-bono-aifluency/api/routes/api.php(1021): App\Controllers\QuizController->getRecentAttempts()
#2 /var/www/html/sci-bono-aifluency/api/index.php(146): require_once('...')
#3 {main}
[2026-02-16 05:29:04] ERROR: SQLSTATE[42S02]: Base table or view not found: 1146 Table 'ai_fluency_lms.lesson_completions' doesn't exist in /var/www/html/sci-bono-aifluency/api/controllers/UserController.php:686
Trace: #0 /var/www/html/sci-bono-aifluency/api/controllers/UserController.php(686): PDO->prepare()
#1 /var/www/html/sci-bono-aifluency/api/routes/api.php(1021): App\Controllers\UserController->getMyStats()
#2 /var/www/html/sci-bono-aifluency/api/index.php(146): require_once('...')
#3 {main}
[2026-02-16 05:29:08] ERROR: Call to undefined method App\Models\Course::getById() in /var/www/html/sci-bono-aifluency/api/controllers/CourseController.php:130
Trace: #0 /var/www/html/sci-bono-aifluency/api/routes/api.php(1021): App\Controllers\CourseController->getEnrolledCourses()
#1 /var/www/html/sci-bono-aifluency/api/index.php(146): require_once('...')
#2 {main}
[2026-02-16 05:29:12] ERROR: Call to undefined method App\Models\Course::getById() in /var/www/html/sci-bono-aifluency/api/controllers/CourseController.php:130
Trace: #0 /var/www/html/sci-bono-aifluency/api/routes/api.php(1021): App\Controllers\CourseController->getEnrolledCourses()
#1 /var/www/html/sci-bono-aifluency/api/index.php(146): require_once('...')
#2 {main}
[2026-02-16 05:29:16] ERROR: SQLSTATE[42S22]: Column not found: 1054 Unknown column 'qa.completed_at' in 'order clause' in /var/www/html/sci-bono-aifluency/api/controllers/QuizController.php:595
Trace: #0 /var/www/html/sci-bono-aifluency/api/controllers/QuizController.php(595): PDO->prepare()
#1 /var/www/html/sci-bono-aifluency/api/routes/api.php(1021): App\Controllers\QuizController->getRecentAttempts()
#2 /var/www/html/sci-bono-aifluency/api/index.php(146): require_once('...')
#3 {main}
[2026-02-16 05:29:16] ERROR: Call to undefined method App\Models\Course::getById() in /var/www/html/sci-bono-aifluency/api/controllers/CourseController.php:130
Trace: #0 /var/www/html/sci-bono-aifluency/api/routes/api.php(1021): App\Controllers\CourseController->getEnrolledCourses()
#1 /var/www/html/sci-bono-aifluency/api/index.php(146): require_once('...')
#2 {main}
[2026-02-16 05:29:16] ERROR: SQLSTATE[42S02]: Base table or view not found: 1146 Table 'ai_fluency_lms.lesson_completions' doesn't exist in /var/www/html/sci-bono-aifluency/api/controllers/UserController.php:686
Trace: #0 /var/www/html/sci-bono-aifluency/api/controllers/UserController.php(686): PDO->prepare()
#1 /var/www/html/sci-bono-aifluency/api/routes/api.php(1021): App\Controllers\UserController->getMyStats()
#2 /var/www/html/sci-bono-aifluency/api/index.php(146): require_once('...')
#3 {main}
[2026-02-16 05:29:18] ERROR: Call to undefined method App\Models\Course::getById() in /var/www/html/sci-bono-aifluency/api/controllers/CourseController.php:130
Trace: #0 /var/www/html/sci-bono-aifluency/api/routes/api.php(1021): App\Controllers\CourseController->getEnrolledCourses()
#1 /var/www/html/sci-bono-aifluency/api/index.php(146): require_once('...')
#2 {main}
[2026-02-16 05:29:48] ERROR: Call to undefined method App\Models\Course::getById() in /var/www/html/sci-bono-aifluency/api/controllers/CourseController.php:130
Trace: #0 /var/www/html/sci-bono-aifluency/api/routes/api.php(1021): App\Controllers\CourseController->getEnrolledCourses()
#1 /var/www/html/sci-bono-aifluency/api/index.php(146): require_once('...')
#2 {main}
[2026-02-16 05:29:48] ERROR: SQLSTATE[42S22]: Column not found: 1054 Unknown column 'qa.completed_at' in 'order clause' in /var/www/html/sci-bono-aifluency/api/controllers/QuizController.php:595
Trace: #0 /var/www/html/sci-bono-aifluency/api/controllers/QuizController.php(595): PDO->prepare()
#1 /var/www/html/sci-bono-aifluency/api/routes/api.php(1021): App\Controllers\QuizController->getRecentAttempts()
#2 /var/www/html/sci-bono-aifluency/api/index.php(146): require_once('...')
#3 {main}
[2026-02-16 05:29:48] ERROR: SQLSTATE[42S02]: Base table or view not found: 1146 Table 'ai_fluency_lms.lesson_completions' doesn't exist in /var/www/html/sci-bono-aifluency/api/controllers/UserController.php:686
Trace: #0 /var/www/html/sci-bono-aifluency/api/controllers/UserController.php(686): PDO->prepare()
#1 /var/www/html/sci-bono-aifluency/api/routes/api.php(1021): App\Controllers\UserController->getMyStats()
#2 /var/www/html/sci-bono-aifluency/api/index.php(146): require_once('...')
#3 {main}
[2026-02-16 05:29:50] ERROR: Call to undefined method App\Models\Course::getById() in /var/www/html/sci-bono-aifluency/api/controllers/CourseController.php:130
Trace: #0 /var/www/html/sci-bono-aifluency/api/routes/api.php(1021): App\Controllers\CourseController->getEnrolledCourses()
#1 /var/www/html/sci-bono-aifluency/api/index.php(146): require_once('...')
#2 {main}
[2026-02-16 05:37:39] ERROR: SQLSTATE[42S22]: Column not found: 1054 Unknown column 'qa.completed_at' in 'order clause' in /var/www/html/sci-bono-aifluency/api/controllers/QuizController.php:595
Trace: #0 /var/www/html/sci-bono-aifluency/api/controllers/QuizController.php(595): PDO->prepare()
#1 /var/www/html/sci-bono-aifluency/api/routes/api.php(1021): App\Controllers\QuizController->getRecentAttempts()
#2 /var/www/html/sci-bono-aifluency/api/index.php(146): require_once('...')
#3 {main}
[2026-02-16 05:37:39] ERROR: SQLSTATE[42S02]: Base table or view not found: 1146 Table 'ai_fluency_lms.lesson_completions' doesn't exist in /var/www/html/sci-bono-aifluency/api/controllers/UserController.php:686
Trace: #0 /var/www/html/sci-bono-aifluency/api/controllers/UserController.php(686): PDO->prepare()
#1 /var/www/html/sci-bono-aifluency/api/routes/api.php(1021): App\Controllers\UserController->getMyStats()
#2 /var/www/html/sci-bono-aifluency/api/index.php(146): require_once('...')
#3 {main}
[2026-02-16 05:38:06] ERROR: SQLSTATE[42S22]: Column not found: 1054 Unknown column 'qa.completed_at' in 'order clause' in /var/www/html/sci-bono-aifluency/api/controllers/QuizController.php:595
Trace: #0 /var/www/html/sci-bono-aifluency/api/controllers/QuizController.php(595): PDO->prepare()
#1 /var/www/html/sci-bono-aifluency/api/routes/api.php(1021): App\Controllers\QuizController->getRecentAttempts()
#2 /var/www/html/sci-bono-aifluency/api/index.php(146): require_once('...')
#3 {main}
[2026-02-16 05:38:06] ERROR: SQLSTATE[42S02]: Base table or view not found: 1146 Table 'ai_fluency_lms.lesson_completions' doesn't exist in /var/www/html/sci-bono-aifluency/api/controllers/UserController.php:686
Trace: #0 /var/www/html/sci-bono-aifluency/api/controllers/UserController.php(686): PDO->prepare()
#1 /var/www/html/sci-bono-aifluency/api/routes/api.php(1021): App\Controllers\UserController->getMyStats()
#2 /var/www/html/sci-bono-aifluency/api/index.php(146): require_once('...')
#3 {main}
[2026-02-16 05:38:24] ERROR: SQLSTATE[42S22]: Column not found: 1054 Unknown column 'qa.completed_at' in 'order clause' in /var/www/html/sci-bono-aifluency/api/controllers/QuizController.php:595
Trace: #0 /var/www/html/sci-bono-aifluency/api/controllers/QuizController.php(595): PDO->prepare()
#1 /var/www/html/sci-bono-aifluency/api/routes/api.php(1021): App\Controllers\QuizController->getRecentAttempts()
#2 /var/www/html/sci-bono-aifluency/api/index.php(146): require_once('...')
#3 {main}
[2026-02-16 05:38:24] ERROR: SQLSTATE[42S02]: Base table or view not found: 1146 Table 'ai_fluency_lms.lesson_completions' doesn't exist in /var/www/html/sci-bono-aifluency/api/controllers/UserController.php:686
Trace: #0 /var/www/html/sci-bono-aifluency/api/controllers/UserController.php(686): PDO->prepare()
#1 /var/www/html/sci-bono-aifluency/api/routes/api.php(1021): App\Controllers\UserController->getMyStats()
#2 /var/www/html/sci-bono-aifluency/api/index.php(146): require_once('...')
#3 {main}
[2026-02-16 05:38:30] ERROR: SQLSTATE[42S02]: Base table or view not found: 1146 Table 'ai_fluency_lms.lesson_completions' doesn't exist in /var/www/html/sci-bono-aifluency/api/controllers/UserController.php:686
Trace: #0 /var/www/html/sci-bono-aifluency/api/controllers/UserController.php(686): PDO->prepare()
#1 /var/www/html/sci-bono-aifluency/api/routes/api.php(1021): App\Controllers\UserController->getMyStats()
#2 /var/www/html/sci-bono-aifluency/api/index.php(146): require_once('...')
#3 {main}
[2026-02-16 05:38:30] ERROR: SQLSTATE[42S22]: Column not found: 1054 Unknown column 'qa.completed_at' in 'order clause' in /var/www/html/sci-bono-aifluency/api/controllers/QuizController.php:595
Trace: #0 /var/www/html/sci-bono-aifluency/api/controllers/QuizController.php(595): PDO->prepare()
#1 /var/www/html/sci-bono-aifluency/api/routes/api.php(1021): App\Controllers\QuizController->getRecentAttempts()
#2 /var/www/html/sci-bono-aifluency/api/index.php(146): require_once('...')
#3 {main}
[2026-02-16 09:20:58] ERROR: SQLSTATE[42S22]: Column not found: 1054 Unknown column 'qa.completed_at' in 'order clause' in /var/www/html/sci-bono-aifluency/api/controllers/QuizController.php:595
Trace: #0 /var/www/html/sci-bono-aifluency/api/controllers/QuizController.php(595): PDO->prepare()
#1 /var/www/html/sci-bono-aifluency/api/routes/api.php(1021): App\Controllers\QuizController->getRecentAttempts()
#2 /var/www/html/sci-bono-aifluency/api/index.php(146): require_once('...')
#3 {main}
[2026-02-16 09:20:58] ERROR: SQLSTATE[42S02]: Base table or view not found: 1146 Table 'ai_fluency_lms.lesson_completions' doesn't exist in /var/www/html/sci-bono-aifluency/api/controllers/UserController.php:686
Trace: #0 /var/www/html/sci-bono-aifluency/api/controllers/UserController.php(686): PDO->prepare()
#1 /var/www/html/sci-bono-aifluency/api/routes/api.php(1021): App\Controllers\UserController->getMyStats()
#2 /var/www/html/sci-bono-aifluency/api/index.php(146): require_once('...')
#3 {main}
[2026-02-16 09:21:05] ERROR: SQLSTATE[42S02]: Base table or view not found: 1146 Table 'ai_fluency_lms.lesson_completions' doesn't exist in /var/www/html/sci-bono-aifluency/api/controllers/UserController.php:686
Trace: #0 /var/www/html/sci-bono-aifluency/api/controllers/UserController.php(686): PDO->prepare()
#1 /var/www/html/sci-bono-aifluency/api/routes/api.php(1021): App\Controllers\UserController->getMyStats()
#2 /var/www/html/sci-bono-aifluency/api/index.php(146): require_once('...')
#3 {main}
[2026-02-16 09:21:05] ERROR: SQLSTATE[42S22]: Column not found: 1054 Unknown column 'qa.completed_at' in 'order clause' in /var/www/html/sci-bono-aifluency/api/controllers/QuizController.php:595
Trace: #0 /var/www/html/sci-bono-aifluency/api/controllers/QuizController.php(595): PDO->prepare()
#1 /var/www/html/sci-bono-aifluency/api/routes/api.php(1021): App\Controllers\QuizController->getRecentAttempts()
#2 /var/www/html/sci-bono-aifluency/api/index.php(146): require_once('...')
#3 {main}
[2026-02-16 16:18:52] ERROR: SQLSTATE[42S22]: Column not found: 1054 Unknown column 'qa.completed_at' in 'order clause' in /var/www/html/sci-bono-aifluency/api/controllers/QuizController.php:595
Trace: #0 /var/www/html/sci-bono-aifluency/api/controllers/QuizController.php(595): PDO->prepare()
#1 /var/www/html/sci-bono-aifluency/api/routes/api.php(1021): App\Controllers\QuizController->getRecentAttempts()
#2 /var/www/html/sci-bono-aifluency/api/index.php(146): require_once('...')
#3 {main}
[2026-02-16 16:18:52] ERROR: SQLSTATE[42S02]: Base table or view not found: 1146 Table 'ai_fluency_lms.lesson_completions' doesn't exist in /var/www/html/sci-bono-aifluency/api/controllers/UserController.php:686
Trace: #0 /var/www/html/sci-bono-aifluency/api/controllers/UserController.php(686): PDO->prepare()
#1 /var/www/html/sci-bono-aifluency/api/routes/api.php(1021): App\Controllers\UserController->getMyStats()
#2 /var/www/html/sci-bono-aifluency/api/index.php(146): require_once('...')
#3 {main}
[2026-02-16 16:19:14] ERROR: SQLSTATE[42S22]: Column not found: 1054 Unknown column 'qa.completed_at' in 'order clause' in /var/www/html/sci-bono-aifluency/api/controllers/QuizController.php:595
Trace: #0 /var/www/html/sci-bono-aifluency/api/controllers/QuizController.php(595): PDO->prepare()
#1 /var/www/html/sci-bono-aifluency/api/routes/api.php(1021): App\Controllers\QuizController->getRecentAttempts()
#2 /var/www/html/sci-bono-aifluency/api/index.php(146): require_once('...')
#3 {main}
[2026-02-16 16:19:14] ERROR: SQLSTATE[42S02]: Base table or view not found: 1146 Table 'ai_fluency_lms.lesson_completions' doesn't exist in /var/www/html/sci-bono-aifluency/api/controllers/UserController.php:686
Trace: #0 /var/www/html/sci-bono-aifluency/api/controllers/UserController.php(686): PDO->prepare()
#1 /var/www/html/sci-bono-aifluency/api/routes/api.php(1021): App\Controllers\UserController->getMyStats()
#2 /var/www/html/sci-bono-aifluency/api/index.php(146): require_once('...')
#3 {main}
[2026-02-16 17:02:59] ERROR: SQLSTATE[42S22]: Column not found: 1054 Unknown column 'qa.completed_at' in 'order clause' in /var/www/html/sci-bono-aifluency/api/controllers/QuizController.php:595
Trace: #0 /var/www/html/sci-bono-aifluency/api/controllers/QuizController.php(595): PDO->prepare()
#1 /var/www/html/sci-bono-aifluency/api/routes/api.php(1021): App\Controllers\QuizController->getRecentAttempts()
#2 /var/www/html/sci-bono-aifluency/api/index.php(146): require_once('...')
#3 {main}
[2026-02-16 17:03:00] ERROR: SQLSTATE[42S02]: Base table or view not found: 1146 Table 'ai_fluency_lms.lesson_completions' doesn't exist in /var/www/html/sci-bono-aifluency/api/controllers/UserController.php:686
Trace: #0 /var/www/html/sci-bono-aifluency/api/controllers/UserController.php(686): PDO->prepare()
#1 /var/www/html/sci-bono-aifluency/api/routes/api.php(1021): App\Controllers\UserController->getMyStats()
#2 /var/www/html/sci-bono-aifluency/api/index.php(146): require_once('...')
#3 {main}
[2026-02-16 17:03:05] ERROR: SQLSTATE[42S22]: Column not found: 1054 Unknown column 'qa.completed_at' in 'order clause' in /var/www/html/sci-bono-aifluency/api/controllers/QuizController.php:595
Trace: #0 /var/www/html/sci-bono-aifluency/api/controllers/QuizController.php(595): PDO->prepare()
#1 /var/www/html/sci-bono-aifluency/api/routes/api.php(1021): App\Controllers\QuizController->getRecentAttempts()
#2 /var/www/html/sci-bono-aifluency/api/index.php(146): require_once('...')
#3 {main}
[2026-02-16 17:03:05] ERROR: SQLSTATE[42S02]: Base table or view not found: 1146 Table 'ai_fluency_lms.lesson_completions' doesn't exist in /var/www/html/sci-bono-aifluency/api/controllers/UserController.php:686
Trace: #0 /var/www/html/sci-bono-aifluency/api/controllers/UserController.php(686): PDO->prepare()
#1 /var/www/html/sci-bono-aifluency/api/routes/api.php(1021): App\Controllers\UserController->getMyStats()
#2 /var/www/html/sci-bono-aifluency/api/index.php(146): require_once('...')
#3 {main}
[2026-02-16 17:03:11] ERROR: SQLSTATE[42S22]: Column not found: 1054 Unknown column 'qa.completed_at' in 'order clause' in /var/www/html/sci-bono-aifluency/api/controllers/QuizController.php:595
Trace: #0 /var/www/html/sci-bono-aifluency/api/controllers/QuizController.php(595): PDO->prepare()
#1 /var/www/html/sci-bono-aifluency/api/routes/api.php(1021): App\Controllers\QuizController->getRecentAttempts()
#2 /var/www/html/sci-bono-aifluency/api/index.php(146): require_once('...')
#3 {main}
[2026-02-16 17:03:11] ERROR: SQLSTATE[42S02]: Base table or view not found: 1146 Table 'ai_fluency_lms.lesson_completions' doesn't exist in /var/www/html/sci-bono-aifluency/api/controllers/UserController.php:686
Trace: #0 /var/www/html/sci-bono-aifluency/api/controllers/UserController.php(686): PDO->prepare()
#1 /var/www/html/sci-bono-aifluency/api/routes/api.php(1021): App\Controllers\UserController->getMyStats()
#2 /var/www/html/sci-bono-aifluency/api/index.php(146): require_once('...')
#3 {main}
[2026-02-16 17:03:30] ERROR: SQLSTATE[42S22]: Column not found: 1054 Unknown column 'qa.completed_at' in 'order clause' in /var/www/html/sci-bono-aifluency/api/controllers/QuizController.php:595
Trace: #0 /var/www/html/sci-bono-aifluency/api/controllers/QuizController.php(595): PDO->prepare()
#1 /var/www/html/sci-bono-aifluency/api/routes/api.php(1021): App\Controllers\QuizController->getRecentAttempts()
#2 /var/www/html/sci-bono-aifluency/api/index.php(146): require_once('...')
#3 {main}
[2026-02-16 17:03:30] ERROR: SQLSTATE[42S02]: Base table or view not found: 1146 Table 'ai_fluency_lms.lesson_completions' doesn't exist in /var/www/html/sci-bono-aifluency/api/controllers/UserController.php:686
Trace: #0 /var/www/html/sci-bono-aifluency/api/controllers/UserController.php(686): PDO->prepare()
#1 /var/www/html/sci-bono-aifluency/api/routes/api.php(1021): App\Controllers\UserController->getMyStats()
#2 /var/www/html/sci-bono-aifluency/api/index.php(146): require_once('...')
#3 {main}
[2026-02-16 17:06:07] ERROR: SQLSTATE[42S22]: Column not found: 1054 Unknown column 'qa.completed_at' in 'order clause' in /var/www/html/sci-bono-aifluency/api/controllers/QuizController.php:595
Trace: #0 /var/www/html/sci-bono-aifluency/api/controllers/QuizController.php(595): PDO->prepare()
#1 /var/www/html/sci-bono-aifluency/api/routes/api.php(1021): App\Controllers\QuizController->getRecentAttempts()
#2 /var/www/html/sci-bono-aifluency/api/index.php(146): require_once('...')
#3 {main}
[2026-02-16 17:06:07] ERROR: SQLSTATE[42S02]: Base table or view not found: 1146 Table 'ai_fluency_lms.lesson_completions' doesn't exist in /var/www/html/sci-bono-aifluency/api/controllers/UserController.php:686
Trace: #0 /var/www/html/sci-bono-aifluency/api/controllers/UserController.php(686): PDO->prepare()
#1 /var/www/html/sci-bono-aifluency/api/routes/api.php(1021): App\Controllers\UserController->getMyStats()
#2 /var/www/html/sci-bono-aifluency/api/index.php(146): require_once('...')
#3 {main}
[2026-02-16 17:07:15] ERROR: SQLSTATE[42S22]: Column not found: 1054 Unknown column 'qa.completed_at' in 'order clause' in /var/www/html/sci-bono-aifluency/api/controllers/QuizController.php:595
Trace: #0 /var/www/html/sci-bono-aifluency/api/controllers/QuizController.php(595): PDO->prepare()
#1 /var/www/html/sci-bono-aifluency/api/routes/api.php(1021): App\Controllers\QuizController->getRecentAttempts()
#2 /var/www/html/sci-bono-aifluency/api/index.php(146): require_once('...')
#3 {main}
[2026-02-16 17:07:15] ERROR: SQLSTATE[42S02]: Base table or view not found: 1146 Table 'ai_fluency_lms.lesson_completions' doesn't exist in /var/www/html/sci-bono-aifluency/api/controllers/UserController.php:686
Trace: #0 /var/www/html/sci-bono-aifluency/api/controllers/UserController.php(686): PDO->prepare()
#1 /var/www/html/sci-bono-aifluency/api/routes/api.php(1021): App\Controllers\UserController->getMyStats()
#2 /var/www/html/sci-bono-aifluency/api/index.php(146): require_once('...')
#3 {main}
[2026-02-16 17:07:38] ERROR: Class "BaseModel" not found in /var/www/html/sci-bono-aifluency/api/models/Bookmark.php:7
Trace: #0 /var/www/html/sci-bono-aifluency/api/vendor/composer/ClassLoader.php(571): include()
#1 /var/www/html/sci-bono-aifluency/api/vendor/composer/ClassLoader.php(428): Composer\Autoload\includeFile()
#2 /var/www/html/sci-bono-aifluency/api/controllers/BookmarksController.php(17): Composer\Autoload\ClassLoader->loadClass()
#3 /var/www/html/sci-bono-aifluency/api/routes/api.php(1013): App\Controllers\BookmarksController->__construct()
#4 /var/www/html/sci-bono-aifluency/api/index.php(146): require_once('...')
#5 {main}
[2026-02-16 17:07:44] ERROR: Class "BaseModel" not found in /var/www/html/sci-bono-aifluency/api/models/Bookmark.php:7
Trace: #0 /var/www/html/sci-bono-aifluency/api/vendor/composer/ClassLoader.php(571): include()
#1 /var/www/html/sci-bono-aifluency/api/vendor/composer/ClassLoader.php(428): Composer\Autoload\includeFile()
#2 /var/www/html/sci-bono-aifluency/api/controllers/BookmarksController.php(17): Composer\Autoload\ClassLoader->loadClass()
#3 /var/www/html/sci-bono-aifluency/api/routes/api.php(1013): App\Controllers\BookmarksController->__construct()
#4 /var/www/html/sci-bono-aifluency/api/index.php(146): require_once('...')
#5 {main}
[2026-02-16 17:07:52] ERROR: Class "BaseModel" not found in /var/www/html/sci-bono-aifluency/api/models/Bookmark.php:7
Trace: #0 /var/www/html/sci-bono-aifluency/api/vendor/composer/ClassLoader.php(571): include()
#1 /var/www/html/sci-bono-aifluency/api/vendor/composer/ClassLoader.php(428): Composer\Autoload\includeFile()
#2 /var/www/html/sci-bono-aifluency/api/controllers/BookmarksController.php(17): Composer\Autoload\ClassLoader->loadClass()
#3 /var/www/html/sci-bono-aifluency/api/routes/api.php(1013): App\Controllers\BookmarksController->__construct()
#4 /var/www/html/sci-bono-aifluency/api/index.php(146): require_once('...')
#5 {main}
[2026-02-16 17:08:04] ERROR: Class "BaseModel" not found in /var/www/html/sci-bono-aifluency/api/models/Bookmark.php:7
Trace: #0 /var/www/html/sci-bono-aifluency/api/vendor/composer/ClassLoader.php(571): include()
#1 /var/www/html/sci-bono-aifluency/api/vendor/composer/ClassLoader.php(428): Composer\Autoload\includeFile()
#2 /var/www/html/sci-bono-aifluency/api/controllers/BookmarksController.php(17): Composer\Autoload\ClassLoader->loadClass()
#3 /var/www/html/sci-bono-aifluency/api/routes/api.php(1013): App\Controllers\BookmarksController->__construct()
#4 /var/www/html/sci-bono-aifluency/api/index.php(146): require_once('...')
#5 {main}
[2026-02-16 17:08:17] ERROR: Class "BaseModel" not found in /var/www/html/sci-bono-aifluency/api/models/Bookmark.php:7
Trace: #0 /var/www/html/sci-bono-aifluency/api/vendor/composer/ClassLoader.php(571): include()
#1 /var/www/html/sci-bono-aifluency/api/vendor/composer/ClassLoader.php(428): Composer\Autoload\includeFile()
#2 /var/www/html/sci-bono-aifluency/api/controllers/BookmarksController.php(17): Composer\Autoload\ClassLoader->loadClass()
#3 /var/www/html/sci-bono-aifluency/api/routes/api.php(1013): App\Controllers\BookmarksController->__construct()
#4 /var/www/html/sci-bono-aifluency/api/index.php(146): require_once('...')
#5 {main}
[2026-02-16 20:42:59] ERROR: SQLSTATE[42S22]: Column not found: 1054 Unknown column 'qa.completed_at' in 'order clause' in /var/www/html/sci-bono-aifluency/api/controllers/QuizController.php:595
Trace: #0 /var/www/html/sci-bono-aifluency/api/controllers/QuizController.php(595): PDO->prepare()
#1 /var/www/html/sci-bono-aifluency/api/routes/api.php(1021): App\Controllers\QuizController->getRecentAttempts()
#2 /var/www/html/sci-bono-aifluency/api/index.php(146): require_once('...')
#3 {main}
[2026-02-16 20:42:59] ERROR: SQLSTATE[42S02]: Base table or view not found: 1146 Table 'ai_fluency_lms.lesson_completions' doesn't exist in /var/www/html/sci-bono-aifluency/api/controllers/UserController.php:686
Trace: #0 /var/www/html/sci-bono-aifluency/api/controllers/UserController.php(686): PDO->prepare()
#1 /var/www/html/sci-bono-aifluency/api/routes/api.php(1021): App\Controllers\UserController->getMyStats()
#2 /var/www/html/sci-bono-aifluency/api/index.php(146): require_once('...')
#3 {main}
[2026-02-16 21:30:33] ERROR: Class "BaseModel" not found in /var/www/html/sci-bono-aifluency/api/models/Bookmark.php:7
Trace: #0 /var/www/html/sci-bono-aifluency/api/vendor/composer/ClassLoader.php(571): include()
#1 /var/www/html/sci-bono-aifluency/api/vendor/composer/ClassLoader.php(428): Composer\Autoload\includeFile()
#2 /var/www/html/sci-bono-aifluency/api/controllers/BookmarksController.php(17): Composer\Autoload\ClassLoader->loadClass()
#3 /var/www/html/sci-bono-aifluency/api/routes/api.php(1013): App\Controllers\BookmarksController->__construct()
#4 /var/www/html/sci-bono-aifluency/api/index.php(146): require_once('...')
#5 {main}
[2026-02-16 21:31:04] ERROR: SQLSTATE[42S22]: Column not found: 1054 Unknown column 'qa.completed_at' in 'order clause' in /var/www/html/sci-bono-aifluency/api/controllers/QuizController.php:595
Trace: #0 /var/www/html/sci-bono-aifluency/api/controllers/QuizController.php(595): PDO->prepare()
#1 /var/www/html/sci-bono-aifluency/api/routes/api.php(1021): App\Controllers\QuizController->getRecentAttempts()
#2 /var/www/html/sci-bono-aifluency/api/index.php(146): require_once('...')
#3 {main}
[2026-02-16 21:31:04] ERROR: SQLSTATE[42S02]: Base table or view not found: 1146 Table 'ai_fluency_lms.lesson_completions' doesn't exist in /var/www/html/sci-bono-aifluency/api/controllers/UserController.php:686
Trace: #0 /var/www/html/sci-bono-aifluency/api/controllers/UserController.php(686): PDO->prepare()
#1 /var/www/html/sci-bono-aifluency/api/routes/api.php(1021): App\Controllers\UserController->getMyStats()
#2 /var/www/html/sci-bono-aifluency/api/index.php(146): require_once('...')
#3 {main}
[2026-02-16 21:32:49] ERROR: SQLSTATE[42S22]: Column not found: 1054 Unknown column 'qa.completed_at' in 'order clause' in /var/www/html/sci-bono-aifluency/api/controllers/QuizController.php:595
Trace: #0 /var/www/html/sci-bono-aifluency/api/controllers/QuizController.php(595): PDO->prepare()
#1 /var/www/html/sci-bono-aifluency/api/routes/api.php(1021): App\Controllers\QuizController->getRecentAttempts()
#2 /var/www/html/sci-bono-aifluency/api/index.php(146): require_once('...')
#3 {main}
[2026-02-16 21:32:49] ERROR: SQLSTATE[42S02]: Base table or view not found: 1146 Table 'ai_fluency_lms.lesson_completions' doesn't exist in /var/www/html/sci-bono-aifluency/api/controllers/UserController.php:686
Trace: #0 /var/www/html/sci-bono-aifluency/api/controllers/UserController.php(686): PDO->prepare()
#1 /var/www/html/sci-bono-aifluency/api/routes/api.php(1021): App\Controllers\UserController->getMyStats()
#2 /var/www/html/sci-bono-aifluency/api/index.php(146): require_once('...')
#3 {main}
[2026-02-16 21:32:59] ERROR: SQLSTATE[42S22]: Column not found: 1054 Unknown column 'qa.completed_at' in 'order clause' in /var/www/html/sci-bono-aifluency/api/controllers/QuizController.php:595
Trace: #0 /var/www/html/sci-bono-aifluency/api/controllers/QuizController.php(595): PDO->prepare()
#1 /var/www/html/sci-bono-aifluency/api/routes/api.php(1021): App\Controllers\QuizController->getRecentAttempts()
#2 /var/www/html/sci-bono-aifluency/api/index.php(146): require_once('...')
#3 {main}
[2026-02-16 21:32:59] ERROR: SQLSTATE[42S02]: Base table or view not found: 1146 Table 'ai_fluency_lms.lesson_completions' doesn't exist in /var/www/html/sci-bono-aifluency/api/controllers/UserController.php:686
Trace: #0 /var/www/html/sci-bono-aifluency/api/controllers/UserController.php(686): PDO->prepare()
#1 /var/www/html/sci-bono-aifluency/api/routes/api.php(1021): App\Controllers\UserController->getMyStats()
#2 /var/www/html/sci-bono-aifluency/api/index.php(146): require_once('...')
#3 {main}
[2026-02-16 21:33:16] ERROR: SQLSTATE[42S22]: Column not found: 1054 Unknown column 'qa.completed_at' in 'order clause' in /var/www/html/sci-bono-aifluency/api/controllers/QuizController.php:595
Trace: #0 /var/www/html/sci-bono-aifluency/api/controllers/QuizController.php(595): PDO->prepare()
#1 /var/www/html/sci-bono-aifluency/api/routes/api.php(1021): App\Controllers\QuizController->getRecentAttempts()
#2 /var/www/html/sci-bono-aifluency/api/index.php(146): require_once('...')
#3 {main}
[2026-02-16 21:33:16] ERROR: SQLSTATE[42S02]: Base table or view not found: 1146 Table 'ai_fluency_lms.lesson_completions' doesn't exist in /var/www/html/sci-bono-aifluency/api/controllers/UserController.php:686
Trace: #0 /var/www/html/sci-bono-aifluency/api/controllers/UserController.php(686): PDO->prepare()
#1 /var/www/html/sci-bono-aifluency/api/routes/api.php(1021): App\Controllers\UserController->getMyStats()
#2 /var/www/html/sci-bono-aifluency/api/index.php(146): require_once('...')
#3 {main}
[2026-02-16 21:33:51] ERROR: SQLSTATE[42S22]: Column not found: 1054 Unknown column 'qa.completed_at' in 'order clause' in /var/www/html/sci-bono-aifluency/api/controllers/QuizController.php:595
Trace: #0 /var/www/html/sci-bono-aifluency/api/controllers/QuizController.php(595): PDO->prepare()
#1 /var/www/html/sci-bono-aifluency/api/routes/api.php(1021): App\Controllers\QuizController->getRecentAttempts()
#2 /var/www/html/sci-bono-aifluency/api/index.php(146): require_once('...')
#3 {main}
[2026-02-16 21:33:51] ERROR: SQLSTATE[42S02]: Base table or view not found: 1146 Table 'ai_fluency_lms.lesson_completions' doesn't exist in /var/www/html/sci-bono-aifluency/api/controllers/UserController.php:686
Trace: #0 /var/www/html/sci-bono-aifluency/api/controllers/UserController.php(686): PDO->prepare()
#1 /var/www/html/sci-bono-aifluency/api/routes/api.php(1021): App\Controllers\UserController->getMyStats()
#2 /var/www/html/sci-bono-aifluency/api/index.php(146): require_once('...')
#3 {main}
[2026-02-16 22:15:14] ERROR: SQLSTATE[42S02]: Base table or view not found: 1146 Table 'ai_fluency_lms.lesson_completions' doesn't exist in /var/www/html/sci-bono-aifluency/api/controllers/UserController.php:686
Trace: #0 /var/www/html/sci-bono-aifluency/api/controllers/UserController.php(686): PDO->prepare()
#1 /var/www/html/sci-bono-aifluency/api/routes/api.php(1021): App\Controllers\UserController->getMyStats()
#2 /var/www/html/sci-bono-aifluency/api/index.php(146): require_once('...')
#3 {main}
[2026-02-16 22:15:22] ERROR: SQLSTATE[42S02]: Base table or view not found: 1146 Table 'ai_fluency_lms.lesson_completions' doesn't exist in /var/www/html/sci-bono-aifluency/api/controllers/UserController.php:686
Trace: #0 /var/www/html/sci-bono-aifluency/api/controllers/UserController.php(686): PDO->prepare()
#1 /var/www/html/sci-bono-aifluency/api/routes/api.php(1021): App\Controllers\UserController->getMyStats()
#2 /var/www/html/sci-bono-aifluency/api/index.php(146): require_once('...')
#3 {main}
[2026-02-16 22:15:25] ERROR: SQLSTATE[42S02]: Base table or view not found: 1146 Table 'ai_fluency_lms.lesson_completions' doesn't exist in /var/www/html/sci-bono-aifluency/api/controllers/UserController.php:686
Trace: #0 /var/www/html/sci-bono-aifluency/api/controllers/UserController.php(686): PDO->prepare()
#1 /var/www/html/sci-bono-aifluency/api/routes/api.php(1021): App\Controllers\UserController->getMyStats()
#2 /var/www/html/sci-bono-aifluency/api/index.php(146): require_once('...')
#3 {main}
[2026-02-16 22:16:37] ERROR: SQLSTATE[42S02]: Base table or view not found: 1146 Table 'ai_fluency_lms.lesson_completions' doesn't exist in /var/www/html/sci-bono-aifluency/api/controllers/UserController.php:686
Trace: #0 /var/www/html/sci-bono-aifluency/api/controllers/UserController.php(686): PDO->prepare()
#1 /var/www/html/sci-bono-aifluency/api/routes/api.php(1021): App\Controllers\UserController->getMyStats()
#2 /var/www/html/sci-bono-aifluency/api/index.php(146): require_once('...')
#3 {main}
[2026-02-16 22:18:25] ERROR: SQLSTATE[42S02]: Base table or view not found: 1146 Table 'ai_fluency_lms.lesson_completions' doesn't exist in /var/www/html/sci-bono-aifluency/api/controllers/UserController.php:686
Trace: #0 /var/www/html/sci-bono-aifluency/api/controllers/UserController.php(686): PDO->prepare()
#1 /var/www/html/sci-bono-aifluency/api/routes/api.php(1021): App\Controllers\UserController->getMyStats()
#2 /var/www/html/sci-bono-aifluency/api/index.php(146): require_once('...')
#3 {main}
[2026-02-16 22:19:04] ERROR: SQLSTATE[42S02]: Base table or view not found: 1146 Table 'ai_fluency_lms.lesson_completions' doesn't exist in /var/www/html/sci-bono-aifluency/api/controllers/UserController.php:686
Trace: #0 /var/www/html/sci-bono-aifluency/api/controllers/UserController.php(686): PDO->prepare()
#1 /var/www/html/sci-bono-aifluency/api/routes/api.php(1021): App\Controllers\UserController->getMyStats()
#2 /var/www/html/sci-bono-aifluency/api/index.php(146): require_once('...')
#3 {main}
[2026-02-16 22:19:23] ERROR: SQLSTATE[42S02]: Base table or view not found: 1146 Table 'ai_fluency_lms.lesson_completions' doesn't exist in /var/www/html/sci-bono-aifluency/api/controllers/UserController.php:686
Trace: #0 /var/www/html/sci-bono-aifluency/api/controllers/UserController.php(686): PDO->prepare()
#1 /var/www/html/sci-bono-aifluency/api/routes/api.php(1021): App\Controllers\UserController->getMyStats()
#2 /var/www/html/sci-bono-aifluency/api/index.php(146): require_once('...')
#3 {main}
[2026-02-16 22:21:19] ERROR: SQLSTATE[42S02]: Base table or view not found: 1146 Table 'ai_fluency_lms.lesson_completions' doesn't exist in /var/www/html/sci-bono-aifluency/api/controllers/UserController.php:686
Trace: #0 /var/www/html/sci-bono-aifluency/api/controllers/UserController.php(686): PDO->prepare()
#1 /var/www/html/sci-bono-aifluency/api/routes/api.php(1021): App\Controllers\UserController->getMyStats()
#2 /var/www/html/sci-bono-aifluency/api/index.php(146): require_once('...')
#3 {main}
[2026-02-17 05:10:34] ERROR: SQLSTATE[42S22]: Column not found: 1054 Unknown column 'qa.completed_at' in 'order clause' in /var/www/html/sci-bono-aifluency/api/controllers/QuizController.php:595
Trace: #0 /var/www/html/sci-bono-aifluency/api/controllers/QuizController.php(595): PDO->prepare()
#1 /var/www/html/sci-bono-aifluency/api/routes/api.php(1021): App\Controllers\QuizController->getRecentAttempts()
#2 /var/www/html/sci-bono-aifluency/api/index.php(146): require_once('...')
#3 {main}
[2026-02-17 05:10:34] ERROR: SQLSTATE[42S02]: Base table or view not found: 1146 Table 'ai_fluency_lms.lesson_completions' doesn't exist in /var/www/html/sci-bono-aifluency/api/controllers/UserController.php:686
Trace: #0 /var/www/html/sci-bono-aifluency/api/controllers/UserController.php(686): PDO->prepare()
#1 /var/www/html/sci-bono-aifluency/api/routes/api.php(1021): App\Controllers\UserController->getMyStats()
#2 /var/www/html/sci-bono-aifluency/api/index.php(146): require_once('...')
#3 {main}
[2026-02-17 05:10:56] ERROR: Class "BaseModel" not found in /var/www/html/sci-bono-aifluency/api/models/Bookmark.php:7
Trace: #0 /var/www/html/sci-bono-aifluency/api/vendor/composer/ClassLoader.php(571): include()
#1 /var/www/html/sci-bono-aifluency/api/vendor/composer/ClassLoader.php(428): Composer\Autoload\includeFile()
#2 /var/www/html/sci-bono-aifluency/api/controllers/BookmarksController.php(17): Composer\Autoload\ClassLoader->loadClass()
#3 /var/www/html/sci-bono-aifluency/api/routes/api.php(1013): App\Controllers\BookmarksController->__construct()
#4 /var/www/html/sci-bono-aifluency/api/index.php(146): require_once('...')
#5 {main}
[2026-02-17 05:19:43] ERROR: SQLSTATE[42S22]: Column not found: 1054 Unknown column 'qa.completed_at' in 'order clause' in /var/www/html/sci-bono-aifluency/api/controllers/QuizController.php:595
Trace: #0 /var/www/html/sci-bono-aifluency/api/controllers/QuizController.php(595): PDO->prepare()
#1 /var/www/html/sci-bono-aifluency/api/routes/api.php(1021): App\Controllers\QuizController->getRecentAttempts()
#2 /var/www/html/sci-bono-aifluency/api/index.php(146): require_once('...')
#3 {main}
[2026-02-17 05:19:43] ERROR: SQLSTATE[42S02]: Base table or view not found: 1146 Table 'ai_fluency_lms.lesson_completions' doesn't exist in /var/www/html/sci-bono-aifluency/api/controllers/UserController.php:686
Trace: #0 /var/www/html/sci-bono-aifluency/api/controllers/UserController.php(686): PDO->prepare()
#1 /var/www/html/sci-bono-aifluency/api/routes/api.php(1021): App\Controllers\UserController->getMyStats()
#2 /var/www/html/sci-bono-aifluency/api/index.php(146): require_once('...')
#3 {main}
[2026-02-17 05:20:01] ERROR: SQLSTATE[42S22]: Column not found: 1054 Unknown column 'qa.completed_at' in 'order clause' in /var/www/html/sci-bono-aifluency/api/controllers/QuizController.php:595
Trace: #0 /var/www/html/sci-bono-aifluency/api/controllers/QuizController.php(595): PDO->prepare()
#1 /var/www/html/sci-bono-aifluency/api/routes/api.php(1027): App\Controllers\QuizController->getRecentAttempts()
#2 /var/www/html/sci-bono-aifluency/api/index.php(146): require_once('...')
#3 {main}
[2026-02-17 05:20:01] ERROR: SQLSTATE[42S02]: Base table or view not found: 1146 Table 'ai_fluency_lms.lesson_completions' doesn't exist in /var/www/html/sci-bono-aifluency/api/controllers/UserController.php:686
Trace: #0 /var/www/html/sci-bono-aifluency/api/controllers/UserController.php(686): PDO->prepare()
#1 /var/www/html/sci-bono-aifluency/api/routes/api.php(1027): App\Controllers\UserController->getMyStats()
#2 /var/www/html/sci-bono-aifluency/api/index.php(146): require_once('...')
#3 {main}
[2026-02-17 05:48:40] ERROR: Call to a member function fails() on null in /var/www/html/sci-bono-aifluency/api/controllers/ProjectController.php:391
Trace: #0 /var/www/html/sci-bono-aifluency/api/routes/api.php(1027): App\Controllers\ProjectController->submitProject()
#1 /var/www/html/sci-bono-aifluency/api/index.php(146): require_once('...')
#2 {main}
[2026-02-17 05:48:46] ERROR: Call to a member function fails() on null in /var/www/html/sci-bono-aifluency/api/controllers/ProjectController.php:391
Trace: #0 /var/www/html/sci-bono-aifluency/api/routes/api.php(1027): App\Controllers\ProjectController->submitProject()
#1 /var/www/html/sci-bono-aifluency/api/index.php(146): require_once('...')
#2 {main}
[2026-02-17 05:51:37] ERROR: SQLSTATE[42S22]: Column not found: 1054 Unknown column 'qa.completed_at' in 'order clause' in /var/www/html/sci-bono-aifluency/api/controllers/QuizController.php:612
Trace: #0 /var/www/html/sci-bono-aifluency/api/controllers/QuizController.php(612): PDO->prepare()
#1 /var/www/html/sci-bono-aifluency/api/routes/api.php(1027): App\Controllers\QuizController->getRecentAttempts()
#2 /var/www/html/sci-bono-aifluency/api/index.php(146): require_once('...')
#3 {main}
[2026-02-17 05:51:37] ERROR: SQLSTATE[42S02]: Base table or view not found: 1146 Table 'ai_fluency_lms.lesson_completions' doesn't exist in /var/www/html/sci-bono-aifluency/api/controllers/UserController.php:686
Trace: #0 /var/www/html/sci-bono-aifluency/api/controllers/UserController.php(686): PDO->prepare()
#1 /var/www/html/sci-bono-aifluency/api/routes/api.php(1027): App\Controllers\UserController->getMyStats()
#2 /var/www/html/sci-bono-aifluency/api/index.php(146): require_once('...')
#3 {main}
